{"__meta":{"schema_version":3,"schema_name":"GBMModelV3","schema_type":"GBMModel"},"model_id":{"__meta":{"schema_version":3,"schema_name":"ModelKeyV3","schema_type":"Key<Model>"},"name":"GBM_2_AutoML_5_20220502_234723","type":"Key<Model>","URL":"/3/Models/GBM_2_AutoML_5_20220502_234723"},"algo":"gbm","algo_full_name":"Gradient Boosting Machine","response_column_name":"value_euro","treatment_column_name":null,"data_frame":{"__meta":{"schema_version":3,"schema_name":"FrameKeyV3","schema_type":"Key<Frame>"},"name":"AutoML_5_20220502_234723_training_fifa_players_statistic.hex","type":"Key<Frame>","URL":"/3/Frames/AutoML_5_20220502_234723_training_fifa_players_statistic.hex"},"timestamp":1651524520780,"have_pojo":true,"have_mojo":true,"algo":"gbm","algo_full_name":"Gradient Boosting Machine","model_id":{"__meta":{"schema_version":3,"schema_name":"ModelKeyV3","schema_type":"Key<Model>"},"name":"GBM_2_AutoML_5_20220502_234723","type":"Key<Model>","URL":"/3/Models/GBM_2_AutoML_5_20220502_234723"},"parameters":[{"__meta":{"schema_version":3,"schema_name":"ModelParameterSchemaV3","schema_type":"Iced"},"name":"model_id","label":"model_id","help":"Destination id for this model; auto-generated if not specified.","required":false,"type":"Key<Model>","default_value":null,"actual_value":{"__meta":{"schema_version":3,"schema_name":"ModelKeyV3","schema_type":"Key<Model>"},"name":"GBM_2_AutoML_5_20220502_234723","type":"Key<Model>","URL":"/3/Models/GBM_2_AutoML_5_20220502_234723"},"input_value":null,"level":"critical","values":[],"is_member_of_frames":[],"is_mutually_exclusive_with":[],"gridable":false},{"__meta":{"schema_version":3,"schema_name":"ModelParameterSchemaV3","schema_type":"Iced"},"name":"training_frame","label":"training_frame","help":"Id of the training data frame.","required":false,"type":"Key<Frame>","default_value":null,"actual_value":{"__meta":{"schema_version":3,"schema_name":"FrameKeyV3","schema_type":"Key<Frame>"},"name":"AutoML_5_20220502_234723_training_fifa_players_statistic.hex","type":"Key<Frame>","URL":"/3/Frames/AutoML_5_20220502_234723_training_fifa_players_statistic.hex"},"input_value":{"__meta":{"schema_version":3,"schema_name":"FrameKeyV3","schema_type":"Key<Frame>"},"name":"AutoML_5_20220502_234723_training_fifa_players_statistic.hex","type":"Key<Frame>","URL":"/3/Frames/AutoML_5_20220502_234723_training_fifa_players_statistic.hex"},"level":"critical","values":[],"is_member_of_frames":[],"is_mutually_exclusive_with":[],"gridable":false},{"__meta":{"schema_version":3,"schema_name":"ModelParameterSchemaV3","schema_type":"Iced"},"name":"validation_frame","label":"validation_frame","help":"Id of the validation data frame.","required":false,"type":"Key<Frame>","default_value":null,"actual_value":null,"input_value":null,"level":"critical","values":[],"is_member_of_frames":[],"is_mutually_exclusive_with":[],"gridable":true},{"__meta":{"schema_version":3,"schema_name":"ModelParameterSchemaV3","schema_type":"Iced"},"name":"nfolds","label":"nfolds","help":"Number of folds for K-fold cross-validation (0 to disable or >= 2).","required":false,"type":"int","default_value":0,"actual_value":5,"input_value":5,"level":"critical","values":[],"is_member_of_frames":[],"is_mutually_exclusive_with":[],"gridable":false},{"__meta":{"schema_version":3,"schema_name":"ModelParameterSchemaV3","schema_type":"Iced"},"name":"keep_cross_validation_models","label":"keep_cross_validation_models","help":"Whether to keep the cross-validation models.","required":false,"type":"boolean","default_value":true,"actual_value":true,"input_value":true,"level":"expert","values":[],"is_member_of_frames":[],"is_mutually_exclusive_with":[],"gridable":false},{"__meta":{"schema_version":3,"schema_name":"ModelParameterSchemaV3","schema_type":"Iced"},"name":"keep_cross_validation_predictions","label":"keep_cross_validation_predictions","help":"Whether to keep the predictions of the cross-validation models.","required":false,"type":"boolean","default_value":false,"actual_value":true,"input_value":true,"level":"expert","values":[],"is_member_of_frames":[],"is_mutually_exclusive_with":[],"gridable":false},{"__meta":{"schema_version":3,"schema_name":"ModelParameterSchemaV3","schema_type":"Iced"},"name":"keep_cross_validation_fold_assignment","label":"keep_cross_validation_fold_assignment","help":"Whether to keep the cross-validation fold assignment.","required":false,"type":"boolean","default_value":false,"actual_value":false,"input_value":false,"level":"expert","values":[],"is_member_of_frames":[],"is_mutually_exclusive_with":[],"gridable":false},{"__meta":{"schema_version":3,"schema_name":"ModelParameterSchemaV3","schema_type":"Iced"},"name":"score_each_iteration","label":"score_each_iteration","help":"Whether to score during each iteration of model training.","required":false,"type":"boolean","default_value":false,"actual_value":false,"input_value":false,"level":"secondary","values":[],"is_member_of_frames":[],"is_mutually_exclusive_with":[],"gridable":false},{"__meta":{"schema_version":3,"schema_name":"ModelParameterSchemaV3","schema_type":"Iced"},"name":"score_tree_interval","label":"score_tree_interval","help":"Score the model after every so many trees. Disabled if set to 0.","required":false,"type":"int","default_value":0,"actual_value":5,"input_value":5,"level":"secondary","values":[],"is_member_of_frames":[],"is_mutually_exclusive_with":[],"gridable":false},{"__meta":{"schema_version":3,"schema_name":"ModelParameterSchemaV3","schema_type":"Iced"},"name":"fold_assignment","label":"fold_assignment","help":"Cross-validation fold assignment scheme, if fold_column is not specified. The 'Stratified' option will stratify the folds based on the response variable, for classification problems.","required":false,"type":"enum","default_value":"AUTO","actual_value":"Modulo","input_value":"Modulo","level":"secondary","values":["AUTO","Random","Modulo","Stratified"],"is_member_of_frames":[],"is_mutually_exclusive_with":[],"gridable":true},{"__meta":{"schema_version":3,"schema_name":"ModelParameterSchemaV3","schema_type":"Iced"},"name":"fold_column","label":"fold_column","help":"Column with cross-validation fold index assignment per observation.","required":false,"type":"VecSpecifier","default_value":null,"actual_value":null,"input_value":null,"level":"secondary","values":[],"is_member_of_frames":["training_frame"],"is_mutually_exclusive_with":["response_column","weights_column","ignored_columns","offset_column"],"gridable":true},{"__meta":{"schema_version":3,"schema_name":"ModelParameterSchemaV3","schema_type":"Iced"},"name":"response_column","label":"response_column","help":"Response variable column.","required":false,"type":"VecSpecifier","default_value":null,"actual_value":{"__meta":{"schema_version":3,"schema_name":"ColSpecifierV3","schema_type":"VecSpecifier"},"column_name":"value_euro","is_member_of_frames":null},"input_value":{"__meta":{"schema_version":3,"schema_name":"ColSpecifierV3","schema_type":"VecSpecifier"},"column_name":"value_euro","is_member_of_frames":null},"level":"critical","values":[],"is_member_of_frames":["training_frame","validation_frame"],"is_mutually_exclusive_with":["weights_column","ignored_columns","offset_column","fold_column"],"gridable":true},{"__meta":{"schema_version":3,"schema_name":"ModelParameterSchemaV3","schema_type":"Iced"},"name":"ignored_columns","label":"ignored_columns","help":"Names of columns to ignore for training.","required":false,"type":"string[]","default_value":null,"actual_value":[],"input_value":[],"level":"critical","values":[],"is_member_of_frames":["training_frame","validation_frame"],"is_mutually_exclusive_with":["response_column","weights_column","offset_column","fold_column"],"gridable":false},{"__meta":{"schema_version":3,"schema_name":"ModelParameterSchemaV3","schema_type":"Iced"},"name":"ignore_const_cols","label":"ignore_const_cols","help":"Ignore constant columns.","required":false,"type":"boolean","default_value":true,"actual_value":true,"input_value":true,"level":"critical","values":[],"is_member_of_frames":[],"is_mutually_exclusive_with":[],"gridable":false},{"__meta":{"schema_version":3,"schema_name":"ModelParameterSchemaV3","schema_type":"Iced"},"name":"offset_column","label":"offset_column","help":"Offset column. This will be added to the combination of columns before applying the link function.","required":false,"type":"VecSpecifier","default_value":null,"actual_value":null,"input_value":null,"level":"secondary","values":[],"is_member_of_frames":["training_frame","validation_frame"],"is_mutually_exclusive_with":["response_column","weights_column","ignored_columns","fold_column"],"gridable":true},{"__meta":{"schema_version":3,"schema_name":"ModelParameterSchemaV3","schema_type":"Iced"},"name":"weights_column","label":"weights_column","help":"Column with observation weights. Giving some observation a weight of zero is equivalent to excluding it from the dataset; giving an observation a relative weight of 2 is equivalent to repeating that row twice. Negative weights are not allowed. Note: Weights are per-row observation weights and do not increase the size of the data frame. This is typically the number of times a row is repeated, but non-integer values are supported as well. During training, rows with higher weights matter more, due to the larger loss function pre-factor. If you set weight = 0 for a row, the returned prediction frame at that row is zero and this is incorrect. To get an accurate prediction, remove all rows with weight == 0.","required":false,"type":"VecSpecifier","default_value":null,"actual_value":null,"input_value":null,"level":"secondary","values":[],"is_member_of_frames":["training_frame","validation_frame"],"is_mutually_exclusive_with":["response_column","ignored_columns","offset_column","fold_column"],"gridable":true},{"__meta":{"schema_version":3,"schema_name":"ModelParameterSchemaV3","schema_type":"Iced"},"name":"balance_classes","label":"balance_classes","help":"Balance training data class counts via over/under-sampling (for imbalanced data).","required":false,"type":"boolean","default_value":false,"actual_value":false,"input_value":false,"level":"secondary","values":[],"is_member_of_frames":[],"is_mutually_exclusive_with":[],"gridable":true},{"__meta":{"schema_version":3,"schema_name":"ModelParameterSchemaV3","schema_type":"Iced"},"name":"class_sampling_factors","label":"class_sampling_factors","help":"Desired over/under-sampling ratios per class (in lexicographic order). If not specified, sampling factors will be automatically computed to obtain class balance during training. Requires balance_classes.","required":false,"type":"float[]","default_value":null,"actual_value":null,"input_value":null,"level":"expert","values":[],"is_member_of_frames":[],"is_mutually_exclusive_with":[],"gridable":true},{"__meta":{"schema_version":3,"schema_name":"ModelParameterSchemaV3","schema_type":"Iced"},"name":"max_after_balance_size","label":"max_after_balance_size","help":"Maximum relative size of the training data after balancing class counts (can be less than 1.0). Requires balance_classes.","required":false,"type":"float","default_value":5.0,"actual_value":5.0,"input_value":5.0,"level":"expert","values":[],"is_member_of_frames":[],"is_mutually_exclusive_with":[],"gridable":true},{"__meta":{"schema_version":3,"schema_name":"ModelParameterSchemaV3","schema_type":"Iced"},"name":"max_confusion_matrix_size","label":"max_confusion_matrix_size","help":"[Deprecated] Maximum size (# classes) for confusion matrices to be printed in the Logs","required":false,"type":"int","default_value":20,"actual_value":20,"input_value":20,"level":"secondary","values":[],"is_member_of_frames":[],"is_mutually_exclusive_with":[],"gridable":false},{"__meta":{"schema_version":3,"schema_name":"ModelParameterSchemaV3","schema_type":"Iced"},"name":"ntrees","label":"ntrees","help":"Number of trees.","required":false,"type":"int","default_value":50,"actual_value":50,"input_value":10000,"level":"critical","values":[],"is_member_of_frames":[],"is_mutually_exclusive_with":[],"gridable":true},{"__meta":{"schema_version":3,"schema_name":"ModelParameterSchemaV3","schema_type":"Iced"},"name":"max_depth","label":"max_depth","help":"Maximum tree depth (0 for unlimited).","required":false,"type":"int","default_value":5,"actual_value":7,"input_value":7,"level":"critical","values":[],"is_member_of_frames":[],"is_mutually_exclusive_with":[],"gridable":true},{"__meta":{"schema_version":3,"schema_name":"ModelParameterSchemaV3","schema_type":"Iced"},"name":"min_rows","label":"min_rows","help":"Fewest allowed (weighted) observations in a leaf.","required":false,"type":"double","default_value":10.0,"actual_value":10.0,"input_value":10.0,"level":"critical","values":[],"is_member_of_frames":[],"is_mutually_exclusive_with":[],"gridable":true},{"__meta":{"schema_version":3,"schema_name":"ModelParameterSchemaV3","schema_type":"Iced"},"name":"nbins","label":"nbins","help":"For numerical columns (real/int), build a histogram of (at least) this many bins, then split at the best point","required":false,"type":"int","default_value":20,"actual_value":20,"input_value":20,"level":"critical","values":[],"is_member_of_frames":[],"is_mutually_exclusive_with":[],"gridable":true},{"__meta":{"schema_version":3,"schema_name":"ModelParameterSchemaV3","schema_type":"Iced"},"name":"nbins_top_level","label":"nbins_top_level","help":"For numerical columns (real/int), build a histogram of (at most) this many bins at the root level, then decrease by factor of two per level","required":false,"type":"int","default_value":1024,"actual_value":1024,"input_value":1024,"level":"secondary","values":[],"is_member_of_frames":[],"is_mutually_exclusive_with":[],"gridable":true},{"__meta":{"schema_version":3,"schema_name":"ModelParameterSchemaV3","schema_type":"Iced"},"name":"nbins_cats","label":"nbins_cats","help":"For categorical columns (factors), build a histogram of this many bins, then split at the best point. Higher values can lead to more overfitting.","required":false,"type":"int","default_value":1024,"actual_value":1024,"input_value":1024,"level":"secondary","values":[],"is_member_of_frames":[],"is_mutually_exclusive_with":[],"gridable":true},{"__meta":{"schema_version":3,"schema_name":"ModelParameterSchemaV3","schema_type":"Iced"},"name":"r2_stopping","label":"r2_stopping","help":"r2_stopping is no longer supported and will be ignored if set - please use stopping_rounds, stopping_metric and stopping_tolerance instead. Previous version of H2O would stop making trees when the R^2 metric equals or exceeds this","required":false,"type":"double","default_value":1.7976931348623157E308,"actual_value":1.7976931348623157E308,"input_value":1.7976931348623157E308,"level":"secondary","values":[],"is_member_of_frames":[],"is_mutually_exclusive_with":[],"gridable":true},{"__meta":{"schema_version":3,"schema_name":"ModelParameterSchemaV3","schema_type":"Iced"},"name":"stopping_rounds","label":"stopping_rounds","help":"Early stopping based on convergence of stopping_metric. Stop if simple moving average of length k of the stopping_metric does not improve for k:=stopping_rounds scoring events (0 to disable)","required":false,"type":"int","default_value":0,"actual_value":0,"input_value":3,"level":"secondary","values":[],"is_member_of_frames":[],"is_mutually_exclusive_with":[],"gridable":true},{"__meta":{"schema_version":3,"schema_name":"ModelParameterSchemaV3","schema_type":"Iced"},"name":"stopping_metric","label":"stopping_metric","help":"Metric to use for early stopping (AUTO: logloss for classification, deviance for regression and anonomaly_score for Isolation Forest). Note that custom and custom_increasing can only be used in GBM and DRF with the Python client.","required":false,"type":"enum","default_value":"AUTO","actual_value":"deviance","input_value":"deviance","level":"secondary","values":["AUTO","deviance","logloss","MSE","RMSE","MAE","RMSLE","AUC","AUCPR","lift_top_group","misclassification","mean_per_class_error","anomaly_score","custom","custom_increasing"],"is_member_of_frames":[],"is_mutually_exclusive_with":[],"gridable":true},{"__meta":{"schema_version":3,"schema_name":"ModelParameterSchemaV3","schema_type":"Iced"},"name":"stopping_tolerance","label":"stopping_tolerance","help":"Relative tolerance for metric-based stopping criterion (stop if relative improvement is not at least this much)","required":false,"type":"double","default_value":0.001,"actual_value":0.0074631022115192415,"input_value":0.0074631022115192415,"level":"secondary","values":[],"is_member_of_frames":[],"is_mutually_exclusive_with":[],"gridable":true},{"__meta":{"schema_version":3,"schema_name":"ModelParameterSchemaV3","schema_type":"Iced"},"name":"max_runtime_secs","label":"max_runtime_secs","help":"Maximum allowed runtime in seconds for model training. Use 0 to disable.","required":false,"type":"double","default_value":0.0,"actual_value":0.0,"input_value":6.61222216796875,"level":"secondary","values":[],"is_member_of_frames":[],"is_mutually_exclusive_with":[],"gridable":true},{"__meta":{"schema_version":3,"schema_name":"ModelParameterSchemaV3","schema_type":"Iced"},"name":"seed","label":"seed","help":"Seed for pseudo random number generator (if applicable)","required":false,"type":"long","default_value":-1,"actual_value":2985007672999634033,"input_value":-1,"level":"critical","values":[],"is_member_of_frames":[],"is_mutually_exclusive_with":[],"gridable":true},{"__meta":{"schema_version":3,"schema_name":"ModelParameterSchemaV3","schema_type":"Iced"},"name":"build_tree_one_node","label":"build_tree_one_node","help":"Run on one node only; no network overhead but fewer cpus used. Suitable for small datasets.","required":false,"type":"boolean","default_value":false,"actual_value":false,"input_value":false,"level":"expert","values":[],"is_member_of_frames":[],"is_mutually_exclusive_with":[],"gridable":false},{"__meta":{"schema_version":3,"schema_name":"ModelParameterSchemaV3","schema_type":"Iced"},"name":"learn_rate","label":"learn_rate","help":"Learning rate (from 0.0 to 1.0)","required":false,"type":"double","default_value":0.1,"actual_value":0.1,"input_value":0.1,"level":"critical","values":[],"is_member_of_frames":[],"is_mutually_exclusive_with":[],"gridable":true},{"__meta":{"schema_version":3,"schema_name":"ModelParameterSchemaV3","schema_type":"Iced"},"name":"learn_rate_annealing","label":"learn_rate_annealing","help":"Scale the learning rate by this factor after each tree (e.g., 0.99 or 0.999) ","required":false,"type":"double","default_value":1.0,"actual_value":1.0,"input_value":1.0,"level":"secondary","values":[],"is_member_of_frames":[],"is_mutually_exclusive_with":[],"gridable":true},{"__meta":{"schema_version":3,"schema_name":"ModelParameterSchemaV3","schema_type":"Iced"},"name":"distribution","label":"distribution","help":"Distribution function","required":false,"type":"enum","default_value":"AUTO","actual_value":"gaussian","input_value":"AUTO","level":"secondary","values":["AUTO","bernoulli","quasibinomial","ordinal","multinomial","gaussian","poisson","gamma","tweedie","laplace","quantile","huber","custom"],"is_member_of_frames":[],"is_mutually_exclusive_with":[],"gridable":true},{"__meta":{"schema_version":3,"schema_name":"ModelParameterSchemaV3","schema_type":"Iced"},"name":"quantile_alpha","label":"quantile_alpha","help":"Desired quantile for Quantile regression, must be between 0 and 1.","required":false,"type":"double","default_value":0.5,"actual_value":0.5,"input_value":0.5,"level":"secondary","values":[],"is_member_of_frames":[],"is_mutually_exclusive_with":[],"gridable":true},{"__meta":{"schema_version":3,"schema_name":"ModelParameterSchemaV3","schema_type":"Iced"},"name":"tweedie_power","label":"tweedie_power","help":"Tweedie power for Tweedie regression, must be between 1 and 2.","required":false,"type":"double","default_value":1.5,"actual_value":1.5,"input_value":1.5,"level":"secondary","values":[],"is_member_of_frames":[],"is_mutually_exclusive_with":[],"gridable":true},{"__meta":{"schema_version":3,"schema_name":"ModelParameterSchemaV3","schema_type":"Iced"},"name":"huber_alpha","label":"huber_alpha","help":"Desired quantile for Huber/M-regression (threshold between quadratic and linear loss, must be between 0 and 1).","required":false,"type":"double","default_value":0.9,"actual_value":0.9,"input_value":0.9,"level":"secondary","values":[],"is_member_of_frames":[],"is_mutually_exclusive_with":[],"gridable":true},{"__meta":{"schema_version":3,"schema_name":"ModelParameterSchemaV3","schema_type":"Iced"},"name":"checkpoint","label":"checkpoint","help":"Model checkpoint to resume training with.","required":false,"type":"Key<Model>","default_value":null,"actual_value":null,"input_value":null,"level":"secondary","values":[],"is_member_of_frames":[],"is_mutually_exclusive_with":[],"gridable":false},{"__meta":{"schema_version":3,"schema_name":"ModelParameterSchemaV3","schema_type":"Iced"},"name":"sample_rate","label":"sample_rate","help":"Row sample rate per tree (from 0.0 to 1.0)","required":false,"type":"double","default_value":1.0,"actual_value":0.8,"input_value":0.8,"level":"critical","values":[],"is_member_of_frames":[],"is_mutually_exclusive_with":[],"gridable":true},{"__meta":{"schema_version":3,"schema_name":"ModelParameterSchemaV3","schema_type":"Iced"},"name":"sample_rate_per_class","label":"sample_rate_per_class","help":"A list of row sample rates per class (relative fraction for each class, from 0.0 to 1.0), for each tree","required":false,"type":"double[]","default_value":null,"actual_value":null,"input_value":null,"level":"expert","values":[],"is_member_of_frames":[],"is_mutually_exclusive_with":[],"gridable":true},{"__meta":{"schema_version":3,"schema_name":"ModelParameterSchemaV3","schema_type":"Iced"},"name":"col_sample_rate","label":"col_sample_rate","help":"Column sample rate (from 0.0 to 1.0)","required":false,"type":"double","default_value":1.0,"actual_value":0.8,"input_value":0.8,"level":"critical","values":[],"is_member_of_frames":[],"is_mutually_exclusive_with":[],"gridable":true},{"__meta":{"schema_version":3,"schema_name":"ModelParameterSchemaV3","schema_type":"Iced"},"name":"col_sample_rate_change_per_level","label":"col_sample_rate_change_per_level","help":"Relative change of the column sampling rate for every level (must be > 0.0 and <= 2.0)","required":false,"type":"double","default_value":1.0,"actual_value":1.0,"input_value":1.0,"level":"expert","values":[],"is_member_of_frames":[],"is_mutually_exclusive_with":[],"gridable":true},{"__meta":{"schema_version":3,"schema_name":"ModelParameterSchemaV3","schema_type":"Iced"},"name":"col_sample_rate_per_tree","label":"col_sample_rate_per_tree","help":"Column sample rate per tree (from 0.0 to 1.0)","required":false,"type":"double","default_value":1.0,"actual_value":0.8,"input_value":0.8,"level":"secondary","values":[],"is_member_of_frames":[],"is_mutually_exclusive_with":[],"gridable":true},{"__meta":{"schema_version":3,"schema_name":"ModelParameterSchemaV3","schema_type":"Iced"},"name":"min_split_improvement","label":"min_split_improvement","help":"Minimum relative improvement in squared error reduction for a split to happen","required":false,"type":"double","default_value":1.0E-5,"actual_value":1.0E-5,"input_value":1.0E-5,"level":"secondary","values":[],"is_member_of_frames":[],"is_mutually_exclusive_with":[],"gridable":true},{"__meta":{"schema_version":3,"schema_name":"ModelParameterSchemaV3","schema_type":"Iced"},"name":"histogram_type","label":"histogram_type","help":"What type of histogram to use for finding optimal split points","required":false,"type":"enum","default_value":"AUTO","actual_value":"UniformAdaptive","input_value":"AUTO","level":"secondary","values":["AUTO","UniformAdaptive","Random","QuantilesGlobal","RoundRobin"],"is_member_of_frames":[],"is_mutually_exclusive_with":[],"gridable":true},{"__meta":{"schema_version":3,"schema_name":"ModelParameterSchemaV3","schema_type":"Iced"},"name":"max_abs_leafnode_pred","label":"max_abs_leafnode_pred","help":"Maximum absolute value of a leaf node prediction","required":false,"type":"double","default_value":1.7976931348623157E308,"actual_value":1.7976931348623157E308,"input_value":1.7976931348623157E308,"level":"expert","values":[],"is_member_of_frames":[],"is_mutually_exclusive_with":[],"gridable":true},{"__meta":{"schema_version":3,"schema_name":"ModelParameterSchemaV3","schema_type":"Iced"},"name":"pred_noise_bandwidth","label":"pred_noise_bandwidth","help":"Bandwidth (sigma) of Gaussian multiplicative noise ~N(1,sigma) for tree node predictions","required":false,"type":"double","default_value":0.0,"actual_value":0.0,"input_value":0.0,"level":"expert","values":[],"is_member_of_frames":[],"is_mutually_exclusive_with":[],"gridable":true},{"__meta":{"schema_version":3,"schema_name":"ModelParameterSchemaV3","schema_type":"Iced"},"name":"categorical_encoding","label":"categorical_encoding","help":"Encoding scheme for categorical features","required":false,"type":"enum","default_value":"AUTO","actual_value":"Enum","input_value":"AUTO","level":"secondary","values":["AUTO","Enum","OneHotInternal","OneHotExplicit","Binary","Eigen","LabelEncoder","SortByResponse","EnumLimited"],"is_member_of_frames":[],"is_mutually_exclusive_with":[],"gridable":true},{"__meta":{"schema_version":3,"schema_name":"ModelParameterSchemaV3","schema_type":"Iced"},"name":"calibrate_model","label":"calibrate_model","help":"Use Platt Scaling to calculate calibrated class probabilities. Calibration can provide more accurate estimates of class probabilities.","required":false,"type":"boolean","default_value":false,"actual_value":false,"input_value":false,"level":"expert","values":[],"is_member_of_frames":[],"is_mutually_exclusive_with":[],"gridable":false},{"__meta":{"schema_version":3,"schema_name":"ModelParameterSchemaV3","schema_type":"Iced"},"name":"calibration_frame","label":"calibration_frame","help":"Calibration frame for Platt Scaling","required":false,"type":"Key<Frame>","default_value":null,"actual_value":null,"input_value":null,"level":"expert","values":[],"is_member_of_frames":[],"is_mutually_exclusive_with":[],"gridable":false},{"__meta":{"schema_version":3,"schema_name":"ModelParameterSchemaV3","schema_type":"Iced"},"name":"custom_metric_func","label":"custom_metric_func","help":"Reference to custom evaluation function, format: `language:keyName=funcName`","required":false,"type":"string","default_value":null,"actual_value":null,"input_value":null,"level":"secondary","values":[],"is_member_of_frames":[],"is_mutually_exclusive_with":[],"gridable":false},{"__meta":{"schema_version":3,"schema_name":"ModelParameterSchemaV3","schema_type":"Iced"},"name":"custom_distribution_func","label":"custom_distribution_func","help":"Reference to custom distribution, format: `language:keyName=funcName`","required":false,"type":"string","default_value":null,"actual_value":null,"input_value":null,"level":"secondary","values":[],"is_member_of_frames":[],"is_mutually_exclusive_with":[],"gridable":false},{"__meta":{"schema_version":3,"schema_name":"ModelParameterSchemaV3","schema_type":"Iced"},"name":"export_checkpoints_dir","label":"export_checkpoints_dir","help":"Automatically export generated models to this directory.","required":false,"type":"string","default_value":null,"actual_value":null,"input_value":null,"level":"secondary","values":[],"is_member_of_frames":[],"is_mutually_exclusive_with":[],"gridable":false},{"__meta":{"schema_version":3,"schema_name":"ModelParameterSchemaV3","schema_type":"Iced"},"name":"monotone_constraints","label":"monotone_constraints","help":"A mapping representing monotonic constraints. Use +1 to enforce an increasing constraint and -1 to specify a decreasing constraint.","required":false,"type":"KeyValue[]","default_value":null,"actual_value":[],"input_value":[],"level":"secondary","values":[],"is_member_of_frames":[],"is_mutually_exclusive_with":[],"gridable":false},{"__meta":{"schema_version":3,"schema_name":"ModelParameterSchemaV3","schema_type":"Iced"},"name":"check_constant_response","label":"check_constant_response","help":"Check if response column is constant. If enabled, then an exception is thrown if the response column is a constant value.If disabled, then model will train regardless of the response column being a constant value or not.","required":false,"type":"boolean","default_value":true,"actual_value":true,"input_value":true,"level":"expert","values":[],"is_member_of_frames":[],"is_mutually_exclusive_with":[],"gridable":false},{"__meta":{"schema_version":3,"schema_name":"ModelParameterSchemaV3","schema_type":"Iced"},"name":"gainslift_bins","label":"gainslift_bins","help":"Gains/Lift table number of bins. 0 means disabled.. Default value -1 means automatic binning.","required":false,"type":"int","default_value":-1,"actual_value":-1,"input_value":-1,"level":"secondary","values":[],"is_member_of_frames":[],"is_mutually_exclusive_with":[],"gridable":false},{"__meta":{"schema_version":3,"schema_name":"ModelParameterSchemaV3","schema_type":"Iced"},"name":"auc_type","label":"auc_type","help":"Set default multinomial AUC type.","required":false,"type":"enum","default_value":"AUTO","actual_value":"AUTO","input_value":"AUTO","level":"secondary","values":["AUTO","NONE","MACRO_OVR","WEIGHTED_OVR","MACRO_OVO","WEIGHTED_OVO"],"is_member_of_frames":[],"is_mutually_exclusive_with":[],"gridable":true}],"output":{"__meta":{"schema_version":3,"schema_name":"GBMModelOutputV3","schema_type":"GBMOutput"},"names":["birth_date","age","height_cm","weight_kgs","nationality","overall_rating","potential","wage_euro","preferred_foot","international_reputation","weak_foot","skill_moves","work_rate","body_type","release_clause_euro","club_team","club_rating","club_position","club_jersey_number","club_join_date","contract_end_year","national_team","national_rating","national_team_position","national_jersey_number","crossing","finishing","heading_accuracy","short_passing","volleys","dribbling","curve","freekick_accuracy","long_passing","ball_control","acceleration","sprint_speed","agility","reactions","balance","shot_power","jumping","stamina","strength","long_shots","aggression","interceptions","positioning","vision","penalties","composure","marking","standing_tackle","sliding_tackle","GK_diving","GK_handling","GK_kicking","GK_positioning","GK_reflexes","value_euro"],"original_names":null,"column_types":["Time","Numeric","Numeric","Numeric","Enum","Numeric","Numeric","Numeric","Enum","Numeric","Numeric","Numeric","Enum","Enum","Numeric","Enum","Numeric","Enum","Numeric","Time","Numeric","Enum","Numeric","Enum","Numeric","Numeric","Numeric","Numeric","Numeric","Numeric","Numeric","Numeric","Numeric","Numeric","Numeric","Numeric","Numeric","Numeric","Numeric","Numeric","Numeric","Numeric","Numeric","Numeric","Numeric","Numeric","Numeric","Numeric","Numeric","Numeric","Numeric","Numeric","Numeric","Numeric","Numeric","Numeric","Numeric","Numeric","Numeric","Numeric"],"domains":[null,null,null,null,["Afghanistan","Albania","Algeria","Andorra","Angola","Antigua & Barbuda","Argentina","Armenia","Australia","Austria","Azerbaijan","Barbados","Belarus","Belgium","Benin","Bermuda","Bolivia","Bosnia Herzegovina","Brazil","Bulgaria","Burkina Faso","Burundi","Cameroon","Canada","Cape Verde","Central African Rep.","Chad","Chile","China PR","Colombia","Comoros","Congo","Costa Rica","Croatia","Cuba","Curacao","Cyprus","Czech Republic","DR Congo","Denmark","Dominican Republic","Ecuador","Egypt","El Salvador","England","Equatorial Guinea","Eritrea","Estonia","Ethiopia","FYR Macedonia","Faroe Islands","Fiji","Finland","France","Gabon","Gambia","Georgia","Germany","Ghana","Greece","Grenada","Guam","Guatemala","Guinea","Guinea Bissau","Guyana","Haiti","Honduras","Hong Kong","Hungary","Iceland","India","Indonesia","Iran","Iraq","Israel","Italy","Ivory Coast","Jamaica","Japan","Jordan","Kazakhstan","Kenya","Korea DPR","Korea Republic","Kosovo","Kuwait","Latvia","Liberia","Libya","Liechtenstein","Lithuania","Luxembourg","Madagascar","Mali","Malta","Mauritania","Mexico","Moldova","Montenegro","Montserrat","Morocco","Mozambique","Namibia","Netherlands","New Caledonia","New Zealand","Nicaragua","Nigeria","Northern Ireland","Norway","Oman","Palestine","Panama","Papua New Guinea","Paraguay","Peru","Philippines","Poland","Portugal","Republic of Ireland","Romania","Russia","Rwanda","Saudi Arabia","Scotland","Senegal","Serbia","Sierra Leone","Slovakia","Slovenia","South Africa","South Sudan","Spain","St Kitts Nevis","St Lucia","Sudan","Suriname","Sweden","Switzerland","Syria","São Tomé & Príncipe","Tanzania","Thailand","Togo","Trinidad & Tobago","Tunisia","Turkey","Uganda","Ukraine","United Arab Emirates","United States","Uruguay","Uzbekistan","Venezuela","Vietnam","Wales","Yemen","Zambia","Zimbabwe"],null,null,null,["Left","Right"],null,null,null,["High/ High","High/ Low","High/ Medium","Low/ High","Low/ Low","Low/ Medium","Medium/ High","Medium/ Low","Medium/ Medium"],["Akinfenwa","C. Ronaldo","Courtois","Lean","Messi","Neymar","Normal","PLAYER_BODY_TYPE_25","Shaqiri","Stocky"],null,["1. FC Heidenheim 1846","1. FC Kaiserslautern","1. FC Köln","1. FC Magdeburg","1. FC Nürnberg","1. FC Union Berlin","1. FSV Mainz 05","AC Ajaccio","AC Horsens","AD Alcorcón","ADO Den Haag","AEK Athens","AFC Wimbledon","AIK","AJ Auxerre","AS Béziers","AS Monaco","AS Nancy Lorraine","AS Saint-Étienne","AZ Alkmaar","Aalborg BK","Aarhus GF","Aberdeen","Accrington Stanley","Adelaide United","Ajax","Akhisar Belediyespor","Al Ahli","Al Batin","Al Faisaly","Al Fateh","Al Fayha","Al Hazem","Al Hilal","Al Ittihad","Al Nassr","Al Qadisiyah","Al Raed","Al Shabab","Al Taawoun","Al Wehda","Alanyaspor","Albacete BP","Alianza Petrolera","Amiens SC","América FC (Minas Gerais)","América de Cali","Angers SCO","Antalyaspor","Argentina","Argentinos Juniors","Arka Gdynia","Arsenal","Ascoli","Aston Villa","Atalanta","Athletic Club de Bilbao","Atiker Konyaspor","Atlanta United","Atlético Bucaramanga","Atlético Huila","Atlético Madrid","Atlético Mineiro","Atlético Nacional","Atlético Paranaense","Atlético Tucumán","Audax Italiano","Australia","Austria","BB Erzurumspor","BK Häcken","BSC Young Boys","Bahia","Barnsley","Bayer 04 Leverkusen","Beijing Renhe FC","Beijing Sinobo Guoan FC","Belgium","Belgrano de Córdoba","Benevento","Beşiktaş JK","Birmingham City","Blackburn Rovers","Blackpool","Boavista FC","Boca Juniors","Bohemian FC","Bolivia","Bologna","Bolton Wanderers","Borussia Dortmund","Borussia Mönchengladbach","Botafogo","Bournemouth","Boyacá Chicó FC","Bradford City","Bray Wanderers","Brentford","Brescia","Brighton & Hove Albion","Brisbane Roar","Bristol City","Bristol Rovers","Brøndby IF","Bulgaria","Burnley","Bursaspor","Burton Albion","Bury","CA Osasuna","CD Antofagasta","CD Aves","CD Everton de Viña del Mar","CD Feirense","CD Huachipato","CD Leganés","CD Lugo","CD Nacional","CD Numancia","CD O'Higgins","CD Palestino","CD Tenerife","CD Tondela","CD Universidad de Concepción","CF Rayo Majadahonda","CF Reus Deportiu","Cagliari","Cambridge United","Cameroon","Canada","Cardiff City","Carlisle United","Carpi","Ceará Sporting Club","Celtic","Central Coast Mariners","Cerezo Osaka","Chamois Niortais Football Club","Changchun Yatai FC","Chapecoense","Charlton Athletic","Chelsea","Cheltenham Town","Chicago Fire","Chievo Verona","Chile","Chongqing Dangdai Lifan FC SWM Team","Cittadella","Clermont Foot 63","Club América","Club Atlas","Club Atlético Aldosivi","Club Atlético Banfield","Club Atlético Colón","Club Atlético Huracán","Club Atlético Lanús","Club Atlético Talleres","Club Atlético Tigre","Club Brugge KV","Club Deportes Temuco","Club León","Club Necaxa","Club Tijuana","Clube Sport Marítimo","Colchester United","Colo-Colo","Colombia","Colorado Rapids","Columbus Crew SC","Cork City","Cosenza","Coventry City","Cracovia","Crawley Town","Crewe Alexandra","Crotone","Cruz Azul","Cruzeiro","Crystal Palace","Curicó Unido","Czech Republic","Cádiz CF","Córdoba CF","Côte d'Ivoire","DC United","DSC Arminia Bielefeld","Daegu FC","Dalian YiFang FC","Dalkurd FF","De Graafschap","Defensa y Justicia","Deportes Iquique","Deportes Tolima","Deportivo Alavés","Deportivo Cali","Deportivo Pasto","Deportivo Toluca","Deportivo de La Coruña","Derby County","Derry City","Dijon FCO","Dinamo Zagreb","Djurgårdens IF","Doncaster Rovers","Dundalk","Dundee FC","Dynamo Kyiv","ESTAC Troyes","Ecuador","Egypt","Eintracht Braunschweig","Eintracht Frankfurt","Elche CF","Empoli","En Avant de Guingamp","Envigado FC","Esbjerg fB","Estudiantes de La Plata","Ettifaq FC","Everton","Excelsior","Exeter City","Extremadura UD","FC Admira Wacker Mödling","FC Augsburg","FC Barcelona","FC Basel 1893","FC Bayern München","FC Carl Zeiss Jena","FC Dallas","FC Emmen","FC Energie Cottbus","FC Erzgebirge Aue","FC Girondins de Bordeaux","FC Groningen","FC Hansa Rostock","FC Ingolstadt 04","FC København","FC Lorient","FC Lugano","FC Luzern","FC Metz","FC Midtjylland","FC Nantes","FC Nordsjælland","FC Porto","FC Red Bull Salzburg","FC Schalke 04","FC Seoul","FC Sion","FC Sochaux-Montbéliard","FC St. Gallen","FC St. Pauli","FC Thun","FC Tokyo","FC Utrecht","FC Wacker Innsbruck","FC Würzburger Kickers","FC Zürich","FK Austria Wien","FK Bodø/Glimt","FK Haugesund","FSV Zwickau","Fenerbahçe SK","Feyenoord","Finland","Fiorentina","Fleetwood Town","Fluminense","Foggia","Forest Green Rovers","Fortuna Düsseldorf","Fortuna Sittard","Frosinone","Fulham","GD Chaves","GFC Ajaccio","GIF Sundsvall","Galatasaray SK","Gamba Osaka","Gangwon FC","Genoa","Getafe CF","Gillingham","Gimnasia y Esgrima La Plata","Gimnàstic de Tarragona","Girona FC","Godoy Cruz","Granada CF","Grasshopper Club Zürich","Greece","Grenoble Foot 38","Grimsby Town","Grêmio","Guadalajara","Guangzhou Evergrande Taobao FC","Guangzhou R&F FC","Guizhou Hengfeng FC","Gyeongnam FC","Górnik Zabrze","Göztepe SK","HJK Helsinki","Hallescher FC","Hamburger SV","Hamilton Academical FC","Hammarby IF","Hannover 96","Heart of Midlothian","Hebei China Fortune FC","Hellas Verona","Henan Jianye FC","Heracles Almelo","Hertha BSC","Hibernian","Hobro IK","Hokkaido Consadole Sapporo","Holstein Kiel","Houston Dynamo","Huddersfield Town","Hull City","Hungary","IF Brommapojkarna","IF Elfsborg","IFK Göteborg","IFK Norrköping","IK Sirius","IK Start","Iceland","Incheon United FC","Independiente","Independiente Medellín","Independiente Santa Fe","India","Inter","Internacional","Ipswich Town","Itagüí Leones FC","Italy","Jagiellonia Białystok","Jaguares de Córdoba","Jeju United FC","Jeonbuk Hyundai Motors","Jeonnam Dragons","Jiangsu Suning FC","Junior FC","Juventus","Júbilo Iwata","KAA Gent","KAS Eupen","KFC Uerdingen 05","KRC Genk","KSV Cercle Brugge","KV Kortrijk","KV Oostende","Kaizer Chiefs","Kalmar FF","Karlsruher SC","Kashima Antlers","Kashiwa Reysol","Kasimpaşa SK","Kawasaki Frontale","Kayserispor","Kilmarnock","Korona Kielce","Kristiansund BK","LA Galaxy","LASK Linz","LOSC Lille","La Berrichonne de Châteauroux","La Equidad","Lazio","Le Havre AC","Lecce","Lech Poznań","Lechia Gdańsk","Leeds United","Legia Warszawa","Leicester City","Levante UD","Lillestrøm SK","Limerick FC","Lincoln City","Liverpool","Livingston FC","Livorno","Lobos BUAP","Lokomotiv Moscow","Los Angeles FC","Luton Town","MKE Ankaragücü","MSV Duisburg","Macclesfield Town","Malmö FF","Manchester City","Manchester United","Mansfield Town","Medipol Başakşehir FK","Melbourne City FC","Melbourne Victory","Mexico","Middlesbrough","Miedź Legnica","Milan","Millonarios FC","Millwall","Milton Keynes Dons","Minnesota United FC","Molde FK","Monarcas Morelia","Monterrey","Montpellier HSC","Montreal Impact","Morecambe","Moreirense FC","Motherwell","Málaga CF","NAC Breda","Nagoya Grampus","Napoli","Neuchâtel Xamax","New England Revolution","New York City FC","New York Red Bulls","New Zealand","Newcastle Jets","Newcastle United","Newell's Old Boys","Newport County","Northampton Town","Norwich City","Nottingham Forest","Notts County","Nîmes Olympique","OGC Nice","Odds BK","Odense Boldklub","Ohod Club","Oldham Athletic","Olympiacos CFP","Olympique Lyonnais","Olympique de Marseille","Once Caldas","Orlando City SC","Orlando Pirates","Os Belenenses","Oxford United","PAOK","PEC Zwolle","PFC CSKA Moscow","PSV","Pachuca","Padova","Palermo","Panathinaikos FC","Paraguay","Paraná","Paris FC","Paris Saint-Germain","Parma","Patriotas Boyacá FC","Patronato","Perth Glory","Peru","Perugia","Pescara","Peterborough United","Philadelphia Union","Piast Gliwice","Plymouth Argyle","Pogoń Szczecin","Pohang Steelers","Poland","Port Vale","Portimonense SC","Portland Timbers","Portsmouth","Portugal","Preston North End","Puebla FC","Queens Park Rangers","Querétaro","RB Leipzig","RC Celta","RC Strasbourg Alsace","RCD Espanyol","RCD Mallorca","RSC Anderlecht","Racing Club","Racing Club de Lens","Randers FC","Rangers FC","Ranheim Fotball","Rayo Vallecano","Reading","Real Betis","Real Madrid","Real Oviedo","Real Salt Lake","Real Sociedad","Real Sporting de Gijón","Real Valladolid CF","Real Zaragoza","Red Star FC","Republic of Ireland","Rio Ave FC","Rionegro Águilas","River Plate","Rochdale","Roma","Romania","Rosario Central","Rosenborg BK","Rotherham United","Royal Antwerp FC","Royal Excel Mouscron","Russia","SC Braga","SC Fortuna Köln","SC Freiburg","SC Heerenveen","SC Paderborn 07","SC Preußen Münster","SCR Altach","SD Eibar","SD Huesca","SG Dynamo Dresden","SG Sonnenhof Großaspach","SK Brann","SK Rapid Wien","SK Slavia Praha","SK Sturm Graz","SKN St. Pölten","SL Benfica","SPAL","SSV Jahn Regensburg","SV Darmstadt 98","SV Mattersburg","SV Meppen","SV Sandhausen","SV Wehen Wiesbaden","SV Werder Bremen","SV Zulte-Waregem","Sagan Tosu","Sampdoria","San Jose Earthquakes","San Lorenzo de Almagro","San Luis de Quillota","San Martin de Tucumán","San Martín de San Juan","Sandefjord Fotball","Sanfrecce Hiroshima","Sangju Sangmu FC","Santa Clara","Santos","Santos Laguna","Sarpsborg 08 FF","Sassuolo","Scunthorpe United","Seattle Sounders FC","Sevilla FC","Shakhtar Donetsk","Shamrock Rovers","Shandong Luneng TaiShan FC","Shanghai Greenland Shenhua FC","Shanghai SIPG FC","Sheffield United","Sheffield Wednesday","Shimizu S-Pulse","Shonan Bellmare","Shrewsbury","Sint-Truidense VV","Sivasspor","Sligo Rovers","Slovenia","South Africa","Southampton","Southend United","SpVgg Greuther Fürth","SpVgg Unterhaching","Sparta Praha","Spartak Moscow","Spezia","Sport Club do Recife","Sporting CP","Sporting Kansas City","Sporting Lokeren","Sporting de Charleroi","St. Johnstone FC","St. Mirren","St. Patrick's Athletic","Stabæk Fotball","Stade Brestois 29","Stade Malherbe Caen","Stade Rennais FC","Stade de Reims","Standard de Liège","Stevenage","Stoke City","Strømsgodset IF","Sunderland","Suwon Samsung Bluewings","Swansea City","Sweden","Swindon Town","Switzerland","Sydney FC","SønderjyskE","TSG 1899 Hoffenheim","TSV 1860 München","TSV Hartberg","Tianjin Quanjian FC","Tianjin TEDA FC","Tiburones Rojos de Veracruz","Tigres U.A.N.L.","Torino","Toronto FC","Tottenham Hotspur","Toulouse Football Club","Trabzonspor","Tranmere Rovers","Trelleborgs FF","Tromsø IL","U.N.A.M.","UD Almería","UD Las Palmas","US Cremonese","US Orléans Loiret Football","US Salernitana 1919","Udinese","Ulsan Hyundai FC","Universidad Católica","Universidad de Chile","Unión Española","Unión La Calera","Unión de Santa Fe","Urawa Red Diamonds","Uruguay","V-Varen Nagasaki","VVV-Venlo","Valencia CF","Valenciennes FC","Vancouver Whitecaps FC","Vegalta Sendai","Vejle Boldklub","Vendsyssel FF","Venezia FC","Venezuela","VfB Stuttgart","VfL Bochum 1848","VfL Osnabrück","VfL Sportfreunde Lotte","VfL Wolfsburg","VfR Aalen","Viktoria Plzeň","Villarreal CF","Vissel Kobe","Vitesse","Vitória","Vitória Guimarães","Vitória de Setúbal","Vålerenga Fotball","Vélez Sarsfield","Waasland-Beveren","Wales","Walsall","Waterford FC","Watford","Wellington Phoenix","West Bromwich Albion","West Ham United","Western Sydney Wanderers","Wigan Athletic","Willem II","Wisła Kraków","Wisła Płock","Wolfsberger AC","Wolverhampton Wanderers","Wycombe Wanderers","Yeni Malatyaspor","Yeovil Town","Yokohama F. Marinos","Zagłębie Lubin","Zagłębie Sosnowiec","Çaykur Rizespor","Örebro SK","Östersunds FK","Śląsk Wrocław"],null,["CAM","CB","CDM","CF","CM","GK","LAM","LB","LCB","LCM","LDM","LF","LM","LS","LW","LWB","RAM","RB","RCB","RCM","RDM","RES","RF","RM","RS","RW","RWB","ST","SUB"],null,null,null,["Al Ahli","Al Hilal","Al Ittihad","Al Wehda","Argentina","Atlético Nacional","Australia","Austria","BSC Young Boys","Belgium","Boca Juniors","Brazil","Bulgaria","CD Tondela","Cameroon","Canada","Central Coast Mariners","Chile","Club América","Club Atlas","Club Atlético Banfield","Club Atlético Talleres","Club León","Club Necaxa","Club Tijuana","Colo-Colo","Colombia","Cruz Azul","Czech Republic","Côte d'Ivoire","Dalian YiFang FC","Denmark","Deportes Tolima","Ecuador","Egypt","England","FC Admira Wacker Mödling","FC Basel 1893","FC Lugano","FC Porto","FC Red Bull Salzburg","FK Austria Wien","Finland","France","Germany","Grasshopper Club Zürich","Greece","Henan Jianye FC","Hungary","Iceland","Independiente","Independiente Santa Fe","Italy","Junior FC","Melbourne City FC","Melbourne Victory","Mexico","Millonarios FC","Monarcas Morelia","Monterrey","Nagoya Grampus","Netherlands","Neuchâtel Xamax","New Zealand","Newcastle Jets","Northern Ireland","Norway","Pachuca","Paraguay","Perth Glory","Peru","Poland","Portugal","Puebla FC","Querétaro","Racing Club","Republic of Ireland","River Plate","Romania","Russia","SK Rapid Wien","SL Benfica","Santos Laguna","Scotland","Slovenia","South Africa","Spain","Sporting CP","Sweden","Switzerland","Sydney FC","Tigres U.A.N.L.","Turkey","United States","Universidad de Chile","Urawa Red Diamonds","Uruguay","Venezuela","Vitória Guimarães","Vélez Sarsfield","Wales","Wellington Phoenix","Western Sydney Wanderers"],null,["CAM","CB","CDM","CF","CM","GK","LAM","LB","LCB","LCM","LDM","LF","LM","LS","LW","LWB","RAM","RB","RCB","RCM","RDM","RES","RF","RM","RS","RW","RWB","ST","SUB"],null,null,null,null,null,null,null,null,null,null,null,null,null,null,null,null,null,null,null,null,null,null,null,null,null,null,null,null,null,null,null,null,null,null,null,null],"cross_validation_models":[{"__meta":{"schema_version":3,"schema_name":"ModelKeyV3","schema_type":"Key<Model>"},"name":"GBM_2_AutoML_5_20220502_234723_cv_1","type":"Key<Model>","URL":"/3/Models/GBM_2_AutoML_5_20220502_234723_cv_1"},{"__meta":{"schema_version":3,"schema_name":"ModelKeyV3","schema_type":"Key<Model>"},"name":"GBM_2_AutoML_5_20220502_234723_cv_2","type":"Key<Model>","URL":"/3/Models/GBM_2_AutoML_5_20220502_234723_cv_2"},{"__meta":{"schema_version":3,"schema_name":"ModelKeyV3","schema_type":"Key<Model>"},"name":"GBM_2_AutoML_5_20220502_234723_cv_3","type":"Key<Model>","URL":"/3/Models/GBM_2_AutoML_5_20220502_234723_cv_3"},{"__meta":{"schema_version":3,"schema_name":"ModelKeyV3","schema_type":"Key<Model>"},"name":"GBM_2_AutoML_5_20220502_234723_cv_4","type":"Key<Model>","URL":"/3/Models/GBM_2_AutoML_5_20220502_234723_cv_4"},{"__meta":{"schema_version":3,"schema_name":"ModelKeyV3","schema_type":"Key<Model>"},"name":"GBM_2_AutoML_5_20220502_234723_cv_5","type":"Key<Model>","URL":"/3/Models/GBM_2_AutoML_5_20220502_234723_cv_5"}],"cross_validation_predictions":[{"__meta":{"schema_version":3,"schema_name":"FrameKeyV3","schema_type":"Key<Frame>"},"name":"prediction_GBM_2_AutoML_5_20220502_234723_cv_1","type":"Key<Frame>","URL":"/3/Frames/prediction_GBM_2_AutoML_5_20220502_234723_cv_1"},{"__meta":{"schema_version":3,"schema_name":"FrameKeyV3","schema_type":"Key<Frame>"},"name":"prediction_GBM_2_AutoML_5_20220502_234723_cv_2","type":"Key<Frame>","URL":"/3/Frames/prediction_GBM_2_AutoML_5_20220502_234723_cv_2"},{"__meta":{"schema_version":3,"schema_name":"FrameKeyV3","schema_type":"Key<Frame>"},"name":"prediction_GBM_2_AutoML_5_20220502_234723_cv_3","type":"Key<Frame>","URL":"/3/Frames/prediction_GBM_2_AutoML_5_20220502_234723_cv_3"},{"__meta":{"schema_version":3,"schema_name":"FrameKeyV3","schema_type":"Key<Frame>"},"name":"prediction_GBM_2_AutoML_5_20220502_234723_cv_4","type":"Key<Frame>","URL":"/3/Frames/prediction_GBM_2_AutoML_5_20220502_234723_cv_4"},{"__meta":{"schema_version":3,"schema_name":"FrameKeyV3","schema_type":"Key<Frame>"},"name":"prediction_GBM_2_AutoML_5_20220502_234723_cv_5","type":"Key<Frame>","URL":"/3/Frames/prediction_GBM_2_AutoML_5_20220502_234723_cv_5"}],"cross_validation_holdout_predictions_frame_id":{"__meta":{"schema_version":3,"schema_name":"FrameKeyV3","schema_type":"Key<Frame>"},"name":"cv_holdout_prediction_GBM_2_AutoML_5_20220502_234723","type":"Key<Frame>","URL":"/3/Frames/cv_holdout_prediction_GBM_2_AutoML_5_20220502_234723"},"cross_validation_fold_assignment_frame_id":null,"model_category":"Regression","model_summary":{"__meta":{"schema_version":3,"schema_name":"TwoDimTableV3","schema_type":"TwoDimTable"},"name":"Model Summary","description":"","columns":[{"__meta":{"schema_version":-1,"schema_name":"ColumnSpecsBase","schema_type":"Iced"},"name":"","type":"string","format":"%s","description":""},{"__meta":{"schema_version":-1,"schema_name":"ColumnSpecsBase","schema_type":"Iced"},"name":"number_of_trees","type":"long","format":"%d","description":"Number of Trees"},{"__meta":{"schema_version":-1,"schema_name":"ColumnSpecsBase","schema_type":"Iced"},"name":"number_of_internal_trees","type":"long","format":"%d","description":"Number of Internal Trees"},{"__meta":{"schema_version":-1,"schema_name":"ColumnSpecsBase","schema_type":"Iced"},"name":"model_size_in_bytes","type":"long","format":"%d","description":"Model Size in Bytes"},{"__meta":{"schema_version":-1,"schema_name":"ColumnSpecsBase","schema_type":"Iced"},"name":"min_depth","type":"long","format":"%d","description":"Min. Depth"},{"__meta":{"schema_version":-1,"schema_name":"ColumnSpecsBase","schema_type":"Iced"},"name":"max_depth","type":"long","format":"%d","description":"Max. Depth"},{"__meta":{"schema_version":-1,"schema_name":"ColumnSpecsBase","schema_type":"Iced"},"name":"mean_depth","type":"double","format":"%.5f","description":"Mean Depth"},{"__meta":{"schema_version":-1,"schema_name":"ColumnSpecsBase","schema_type":"Iced"},"name":"min_leaves","type":"long","format":"%d","description":"Min. Leaves"},{"__meta":{"schema_version":-1,"schema_name":"ColumnSpecsBase","schema_type":"Iced"},"name":"max_leaves","type":"long","format":"%d","description":"Max. Leaves"},{"__meta":{"schema_version":-1,"schema_name":"ColumnSpecsBase","schema_type":"Iced"},"name":"mean_leaves","type":"double","format":"%.5f","description":"Mean Leaves"}],"rowcount":1,"data":[[""],[50],[50],[134242],[7],[7],[7.0],[14],[86],[61.32]]},"scoring_history":{"__meta":{"schema_version":3,"schema_name":"TwoDimTableV3","schema_type":"TwoDimTable"},"name":"Scoring History","description":"","columns":[{"__meta":{"schema_version":-1,"schema_name":"ColumnSpecsBase","schema_type":"Iced"},"name":"","type":"string","format":"%s","description":""},{"__meta":{"schema_version":-1,"schema_name":"ColumnSpecsBase","schema_type":"Iced"},"name":"timestamp","type":"string","format":"%s","description":"Timestamp"},{"__meta":{"schema_version":-1,"schema_name":"ColumnSpecsBase","schema_type":"Iced"},"name":"duration","type":"string","format":"%s","description":"Duration"},{"__meta":{"schema_version":-1,"schema_name":"ColumnSpecsBase","schema_type":"Iced"},"name":"number_of_trees","type":"long","format":"%d","description":"Number of Trees"},{"__meta":{"schema_version":-1,"schema_name":"ColumnSpecsBase","schema_type":"Iced"},"name":"training_rmse","type":"double","format":"%.5f","description":"Training RMSE"},{"__meta":{"schema_version":-1,"schema_name":"ColumnSpecsBase","schema_type":"Iced"},"name":"training_mae","type":"double","format":"%.5f","description":"Training MAE"},{"__meta":{"schema_version":-1,"schema_name":"ColumnSpecsBase","schema_type":"Iced"},"name":"training_deviance","type":"double","format":"%.5f","description":"Training Deviance"}],"rowcount":11,"data":[["","","","","","","","","","",""],["2022-05-02 23:48:39","2022-05-02 23:48:39","2022-05-02 23:48:39","2022-05-02 23:48:39","2022-05-02 23:48:39","2022-05-02 23:48:40","2022-05-02 23:48:40","2022-05-02 23:48:40","2022-05-02 23:48:40","2022-05-02 23:48:40","2022-05-02 23:48:40"],[" 5.184 sec"," 5.422 sec"," 5.656 sec"," 5.840 sec"," 5.951 sec"," 6.081 sec"," 6.250 sec"," 6.394 sec"," 6.521 sec"," 6.629 sec"," 6.805 sec"],[0,5,10,15,20,25,30,35,40,45,50],[5686853.189538569,3450523.7002191846,2098614.6222422193,1307109.6650836917,856432.7692086984,578324.1117137466,426583.63191670337,333139.6844915478,285889.9079238193,257376.78360990447,237556.79036681636],[2816985.2280637464,1690855.4060610768,1012962.5053357534,610617.2171061925,377647.9545984236,235843.8232359526,155969.0681014817,111717.85360975549,88147.79168248383,76269.02812912718,70422.39775908177],[3.2340299199364996E13,1.1906113805774295E13,4.404183332688853E12,1.7085356765552007E12,7.334770881744797E11,3.3445877818949396E11,1.8197359501924545E11,1.1098204938312804E11,8.17330394526899E10,6.6242808741379585E10,5.643322864938354E10]]},"cv_scoring_history":[{"__meta":{"schema_version":3,"schema_name":"TwoDimTableV3","schema_type":"TwoDimTable"},"name":"Scoring History","description":"","columns":[{"__meta":{"schema_version":-1,"schema_name":"ColumnSpecsBase","schema_type":"Iced"},"name":"","type":"string","format":"%s","description":""},{"__meta":{"schema_version":-1,"schema_name":"ColumnSpecsBase","schema_type":"Iced"},"name":"timestamp","type":"string","format":"%s","description":"Timestamp"},{"__meta":{"schema_version":-1,"schema_name":"ColumnSpecsBase","schema_type":"Iced"},"name":"duration","type":"string","format":"%s","description":"Duration"},{"__meta":{"schema_version":-1,"schema_name":"ColumnSpecsBase","schema_type":"Iced"},"name":"number_of_trees","type":"long","format":"%d","description":"Number of Trees"},{"__meta":{"schema_version":-1,"schema_name":"ColumnSpecsBase","schema_type":"Iced"},"name":"training_rmse","type":"double","format":"%.5f","description":"Training RMSE"},{"__meta":{"schema_version":-1,"schema_name":"ColumnSpecsBase","schema_type":"Iced"},"name":"training_mae","type":"double","format":"%.5f","description":"Training MAE"},{"__meta":{"schema_version":-1,"schema_name":"ColumnSpecsBase","schema_type":"Iced"},"name":"training_deviance","type":"double","format":"%.5f","description":"Training Deviance"},{"__meta":{"schema_version":-1,"schema_name":"ColumnSpecsBase","schema_type":"Iced"},"name":"validation_rmse","type":"double","format":"%.5f","description":"Validation RMSE"},{"__meta":{"schema_version":-1,"schema_name":"ColumnSpecsBase","schema_type":"Iced"},"name":"validation_mae","type":"double","format":"%.5f","description":"Validation MAE"},{"__meta":{"schema_version":-1,"schema_name":"ColumnSpecsBase","schema_type":"Iced"},"name":"validation_deviance","type":"double","format":"%.5f","description":"Validation Deviance"}],"rowcount":10,"data":[["","","","","","","","","",""],["2022-05-02 23:48:33","2022-05-02 23:48:34","2022-05-02 23:48:34","2022-05-02 23:48:34","2022-05-02 23:48:34","2022-05-02 23:48:34","2022-05-02 23:48:35","2022-05-02 23:48:35","2022-05-02 23:48:35","2022-05-02 23:48:35"],[" 0.010 sec"," 0.229 sec"," 0.423 sec"," 0.601 sec"," 0.798 sec"," 0.986 sec"," 1.183 sec"," 1.422 sec"," 1.613 sec"," 1.685 sec"],[0,5,10,15,20,25,30,35,40,42],[5640812.050597517,3435307.83514576,2091899.6189686854,1317769.5950449351,880029.9146194158,619131.8045895933,475444.0622732564,386421.07165543,344305.7319731831,334046.5074389366],[2807370.899651874,1685849.2754270185,1009596.5754473108,608746.0313558724,375604.3159695264,234444.8027729743,153679.94153197345,109057.64570632322,85717.67259928845,80637.83718894472],[3.181876059016616E13,1.1801339922213848E13,4.3760440158413315E12,1.736516705624892E12,7.744526506250563E11,3.8332419145436633E11,2.2604705635089615E11,1.4932124461933096E11,1.1854643706958939E11,1.1158706913215152E11],[5867977.395603918,3683132.467079359,2352769.7757791593,1627960.2684301669,1210119.5324543922,971865.156872699,838194.080181978,745720.1667381017,694231.2280982758,680295.5855685443],[2838004.706159098,1723390.9302601912,1058446.5218765123,668777.4233350409,446141.42280775437,319948.07055367704,253484.40397300062,219591.6560440617,202695.71559108907,198968.4265866785],[3.443315871531853E13,1.3565464770054086E13,5.535525617819915E12,2.6502546355872207E12,1.4643892828276367E12,9.445218831431959E11,7.02569316052112E11,5.560985670799022E11,4.8195699806684033E11,4.628020837440486E11]]},{"__meta":{"schema_version":3,"schema_name":"TwoDimTableV3","schema_type":"TwoDimTable"},"name":"Scoring History","description":"","columns":[{"__meta":{"schema_version":-1,"schema_name":"ColumnSpecsBase","schema_type":"Iced"},"name":"","type":"string","format":"%s","description":""},{"__meta":{"schema_version":-1,"schema_name":"ColumnSpecsBase","schema_type":"Iced"},"name":"timestamp","type":"string","format":"%s","description":"Timestamp"},{"__meta":{"schema_version":-1,"schema_name":"ColumnSpecsBase","schema_type":"Iced"},"name":"duration","type":"string","format":"%s","description":"Duration"},{"__meta":{"schema_version":-1,"schema_name":"ColumnSpecsBase","schema_type":"Iced"},"name":"number_of_trees","type":"long","format":"%d","description":"Number of Trees"},{"__meta":{"schema_version":-1,"schema_name":"ColumnSpecsBase","schema_type":"Iced"},"name":"training_rmse","type":"double","format":"%.5f","description":"Training RMSE"},{"__meta":{"schema_version":-1,"schema_name":"ColumnSpecsBase","schema_type":"Iced"},"name":"training_mae","type":"double","format":"%.5f","description":"Training MAE"},{"__meta":{"schema_version":-1,"schema_name":"ColumnSpecsBase","schema_type":"Iced"},"name":"training_deviance","type":"double","format":"%.5f","description":"Training Deviance"},{"__meta":{"schema_version":-1,"schema_name":"ColumnSpecsBase","schema_type":"Iced"},"name":"validation_rmse","type":"double","format":"%.5f","description":"Validation RMSE"},{"__meta":{"schema_version":-1,"schema_name":"ColumnSpecsBase","schema_type":"Iced"},"name":"validation_mae","type":"double","format":"%.5f","description":"Validation MAE"},{"__meta":{"schema_version":-1,"schema_name":"ColumnSpecsBase","schema_type":"Iced"},"name":"validation_deviance","type":"double","format":"%.5f","description":"Validation Deviance"}],"rowcount":10,"data":[["","","","","","","","","",""],["2022-05-02 23:48:33","2022-05-02 23:48:34","2022-05-02 23:48:34","2022-05-02 23:48:34","2022-05-02 23:48:34","2022-05-02 23:48:34","2022-05-02 23:48:35","2022-05-02 23:48:35","2022-05-02 23:48:35","2022-05-02 23:48:35"],[" 0.010 sec"," 0.246 sec"," 0.445 sec"," 0.635 sec"," 0.815 sec"," 1.004 sec"," 1.208 sec"," 1.427 sec"," 1.624 sec"," 1.674 sec"],[0,5,10,15,20,25,30,35,40,41],[5691584.3524665795,3451134.1606261916,2098636.6888724375,1310017.5016757238,873393.5369865514,609306.9644342405,456861.20350811625,373790.722381745,323592.98147001385,318740.06371938146],[2822356.4671445624,1694805.1378119036,1014469.1678712801,610921.9797439387,377459.76540741854,235658.65838605358,154887.15444860217,110426.42974548491,87408.52000562177,83922.31114950388],[3.2394132441242414E13,1.1910326994641047E13,4.404275951881469E12,1.7161458546967048E12,7.628162704498785E11,3.712549769080687E11,2.0872215927088443E11,1.3971950413866678E11,1.0471241765665273E11,1.0159522821983534E11],[5667971.803852324,3521110.97280092,2200719.60410221,1459009.0690483947,1061252.6197063338,832906.1725368766,697067.8017681048,639906.4820463095,604286.2523886197,600082.3554556401],[2800094.7682856363,1706514.6644046016,1042281.2342789391,657196.9360188227,439840.1475828997,316391.8655869071,248977.28239492505,215721.35718253732,198192.7290482685,195938.1433339457],[3.2125904369264973E13,1.239822248277904E13,4.843166775879789E12,2.1287074635654634E12,1.1262571228335564E12,6.937326922500293E11,4.8590352026181775E11,4.0948030576488385E11,3.651618748258826E11,3.600988333291892E11]]},{"__meta":{"schema_version":3,"schema_name":"TwoDimTableV3","schema_type":"TwoDimTable"},"name":"Scoring History","description":"","columns":[{"__meta":{"schema_version":-1,"schema_name":"ColumnSpecsBase","schema_type":"Iced"},"name":"","type":"string","format":"%s","description":""},{"__meta":{"schema_version":-1,"schema_name":"ColumnSpecsBase","schema_type":"Iced"},"name":"timestamp","type":"string","format":"%s","description":"Timestamp"},{"__meta":{"schema_version":-1,"schema_name":"ColumnSpecsBase","schema_type":"Iced"},"name":"duration","type":"string","format":"%s","description":"Duration"},{"__meta":{"schema_version":-1,"schema_name":"ColumnSpecsBase","schema_type":"Iced"},"name":"number_of_trees","type":"long","format":"%d","description":"Number of Trees"},{"__meta":{"schema_version":-1,"schema_name":"ColumnSpecsBase","schema_type":"Iced"},"name":"training_rmse","type":"double","format":"%.5f","description":"Training RMSE"},{"__meta":{"schema_version":-1,"schema_name":"ColumnSpecsBase","schema_type":"Iced"},"name":"training_mae","type":"double","format":"%.5f","description":"Training MAE"},{"__meta":{"schema_version":-1,"schema_name":"ColumnSpecsBase","schema_type":"Iced"},"name":"training_deviance","type":"double","format":"%.5f","description":"Training Deviance"},{"__meta":{"schema_version":-1,"schema_name":"ColumnSpecsBase","schema_type":"Iced"},"name":"validation_rmse","type":"double","format":"%.5f","description":"Validation RMSE"},{"__meta":{"schema_version":-1,"schema_name":"ColumnSpecsBase","schema_type":"Iced"},"name":"validation_mae","type":"double","format":"%.5f","description":"Validation MAE"},{"__meta":{"schema_version":-1,"schema_name":"ColumnSpecsBase","schema_type":"Iced"},"name":"validation_deviance","type":"double","format":"%.5f","description":"Validation Deviance"}],"rowcount":11,"data":[["","","","","","","","","","",""],["2022-05-02 23:48:35","2022-05-02 23:48:35","2022-05-02 23:48:36","2022-05-02 23:48:36","2022-05-02 23:48:36","2022-05-02 23:48:36","2022-05-02 23:48:36","2022-05-02 23:48:36","2022-05-02 23:48:37","2022-05-02 23:48:37","2022-05-02 23:48:37"],[" 1.695 sec"," 1.885 sec"," 2.065 sec"," 2.249 sec"," 2.460 sec"," 2.644 sec"," 2.798 sec"," 2.966 sec"," 3.114 sec"," 3.280 sec"," 3.361 sec"],[0,5,10,15,20,25,30,35,40,45,47],[5723719.417544975,3475774.9278151025,2118632.796249363,1320914.4191819287,869037.3355518973,591137.035788864,440469.04173298413,340776.11440525687,296231.691064962,267683.48794489837,258537.53981228344],[2826669.477660456,1697128.949417373,1018153.7714733403,614139.2620100635,379419.56142964336,236721.775697387,155389.99156183793,109772.97339253398,85863.37142451227,72922.53483500508,69329.69589679955],[3.2760963970781387E13,1.2081011348828082E13,4.4886049253433955E12,1.7448149028027322E12,7.55225890583141E11,3.494429950812446E11,1.9401297672517334E11,1.1612836014914471E11,8.77532147912071E10,7.165444971834654E10,6.684165949218804E10],[5536901.592963637,3412447.620354082,2133512.425415401,1406734.358730099,1003824.000441972,814329.8218461458,717263.9550626805,684981.5589391362,655581.2321104631,636881.3269523267,631363.9345245205],[2791313.0147445034,1694816.1954031775,1041722.5051103921,659591.4543197649,443309.1021044043,323717.177908832,262129.6798871436,232318.29927726672,214899.7063593158,205080.39156852863,202434.43248120058],[3.0657279250163258E13,1.1644798761660238E13,4.551875269401907E12,1.978901556031783E12,1.0076626238633243E12,6.631330587479755E11,5.1446758123215906E11,4.691997360866893E11,4.297867518954729E11,4.0561782462055646E11,3.98620417818283E11]]},{"__meta":{"schema_version":3,"schema_name":"TwoDimTableV3","schema_type":"TwoDimTable"},"name":"Scoring History","description":"","columns":[{"__meta":{"schema_version":-1,"schema_name":"ColumnSpecsBase","schema_type":"Iced"},"name":"","type":"string","format":"%s","description":""},{"__meta":{"schema_version":-1,"schema_name":"ColumnSpecsBase","schema_type":"Iced"},"name":"timestamp","type":"string","format":"%s","description":"Timestamp"},{"__meta":{"schema_version":-1,"schema_name":"ColumnSpecsBase","schema_type":"Iced"},"name":"duration","type":"string","format":"%s","description":"Duration"},{"__meta":{"schema_version":-1,"schema_name":"ColumnSpecsBase","schema_type":"Iced"},"name":"number_of_trees","type":"long","format":"%d","description":"Number of Trees"},{"__meta":{"schema_version":-1,"schema_name":"ColumnSpecsBase","schema_type":"Iced"},"name":"training_rmse","type":"double","format":"%.5f","description":"Training RMSE"},{"__meta":{"schema_version":-1,"schema_name":"ColumnSpecsBase","schema_type":"Iced"},"name":"training_mae","type":"double","format":"%.5f","description":"Training MAE"},{"__meta":{"schema_version":-1,"schema_name":"ColumnSpecsBase","schema_type":"Iced"},"name":"training_deviance","type":"double","format":"%.5f","description":"Training Deviance"},{"__meta":{"schema_version":-1,"schema_name":"ColumnSpecsBase","schema_type":"Iced"},"name":"validation_rmse","type":"double","format":"%.5f","description":"Validation RMSE"},{"__meta":{"schema_version":-1,"schema_name":"ColumnSpecsBase","schema_type":"Iced"},"name":"validation_mae","type":"double","format":"%.5f","description":"Validation MAE"},{"__meta":{"schema_version":-1,"schema_name":"ColumnSpecsBase","schema_type":"Iced"},"name":"validation_deviance","type":"double","format":"%.5f","description":"Validation Deviance"}],"rowcount":11,"data":[["","","","","","","","","","",""],["2022-05-02 23:48:35","2022-05-02 23:48:35","2022-05-02 23:48:36","2022-05-02 23:48:36","2022-05-02 23:48:36","2022-05-02 23:48:36","2022-05-02 23:48:36","2022-05-02 23:48:36","2022-05-02 23:48:37","2022-05-02 23:48:37","2022-05-02 23:48:37"],[" 1.694 sec"," 1.881 sec"," 2.056 sec"," 2.233 sec"," 2.445 sec"," 2.620 sec"," 2.783 sec"," 2.950 sec"," 3.096 sec"," 3.258 sec"," 3.356 sec"],[0,5,10,15,20,25,30,35,40,45,48],[5688143.850079168,3452280.1034623235,2101914.7069361163,1315366.3817186914,865318.3643627159,588998.701000992,454931.1527687803,368517.1475965858,324929.87411310093,295905.45546898386,281091.0720244103],[2817296.0377833517,1693388.8115725692,1013797.3741918104,611709.0852176371,376994.6996228448,235389.94693219155,154603.64438661496,110083.23755365849,87118.61443280985,74476.06456408546,70447.97430768398],[3.2354980459193453E13,1.191823791276183E13,4.418045435234339E12,1.7301887181557224E12,7.48775871703366E11,3.469194697808559E11,2.0696235375953134E11,1.3580488807272379E11,1.0557942309115562E11,8.75600385763068E10,7.901219077183223E10],[5681700.892452953,3602244.1291093836,2297319.4206602834,1571159.778648884,1186915.664967141,941017.830087054,845706.4104862842,784847.4103514787,758321.967151383,746371.0906172625,738031.3433107571],[2817411.316568128,1722990.0193329,1058920.2796592952,668877.064344109,445746.92805223074,317072.0903177867,250216.8004749258,217548.4393280825,200081.21150996754,191576.50883897726,189514.95495999575],[3.2281725031300684E13,1.2976162765703021E13,5.277676520542899E12,2.4685430500440103E12,1.4087687957443909E12,8.855145565417477E11,7.152193327375953E11,6.159854575354225E11,5.750522058643433E11,5.570698049092019E11,5.446902637090805E11]]},{"__meta":{"schema_version":3,"schema_name":"TwoDimTableV3","schema_type":"TwoDimTable"},"name":"Scoring History","description":"","columns":[{"__meta":{"schema_version":-1,"schema_name":"ColumnSpecsBase","schema_type":"Iced"},"name":"","type":"string","format":"%s","description":""},{"__meta":{"schema_version":-1,"schema_name":"ColumnSpecsBase","schema_type":"Iced"},"name":"timestamp","type":"string","format":"%s","description":"Timestamp"},{"__meta":{"schema_version":-1,"schema_name":"ColumnSpecsBase","schema_type":"Iced"},"name":"duration","type":"string","format":"%s","description":"Duration"},{"__meta":{"schema_version":-1,"schema_name":"ColumnSpecsBase","schema_type":"Iced"},"name":"number_of_trees","type":"long","format":"%d","description":"Number of Trees"},{"__meta":{"schema_version":-1,"schema_name":"ColumnSpecsBase","schema_type":"Iced"},"name":"training_rmse","type":"double","format":"%.5f","description":"Training RMSE"},{"__meta":{"schema_version":-1,"schema_name":"ColumnSpecsBase","schema_type":"Iced"},"name":"training_mae","type":"double","format":"%.5f","description":"Training MAE"},{"__meta":{"schema_version":-1,"schema_name":"ColumnSpecsBase","schema_type":"Iced"},"name":"training_deviance","type":"double","format":"%.5f","description":"Training Deviance"},{"__meta":{"schema_version":-1,"schema_name":"ColumnSpecsBase","schema_type":"Iced"},"name":"validation_rmse","type":"double","format":"%.5f","description":"Validation RMSE"},{"__meta":{"schema_version":-1,"schema_name":"ColumnSpecsBase","schema_type":"Iced"},"name":"validation_mae","type":"double","format":"%.5f","description":"Validation MAE"},{"__meta":{"schema_version":-1,"schema_name":"ColumnSpecsBase","schema_type":"Iced"},"name":"validation_deviance","type":"double","format":"%.5f","description":"Validation Deviance"}],"rowcount":17,"data":[["","","","","","","","","","","","","","","","",""],["2022-05-02 23:48:37","2022-05-02 23:48:37","2022-05-02 23:48:37","2022-05-02 23:48:37","2022-05-02 23:48:37","2022-05-02 23:48:37","2022-05-02 23:48:38","2022-05-02 23:48:38","2022-05-02 23:48:38","2022-05-02 23:48:38","2022-05-02 23:48:38","2022-05-02 23:48:38","2022-05-02 23:48:38","2022-05-02 23:48:38","2022-05-02 23:48:38","2022-05-02 23:48:38","2022-05-02 23:48:38"],[" 3.372 sec"," 3.498 sec"," 3.635 sec"," 3.770 sec"," 3.889 sec"," 4.016 sec"," 4.130 sec"," 4.249 sec"," 4.360 sec"," 4.465 sec"," 4.559 sec"," 4.647 sec"," 4.728 sec"," 4.833 sec"," 4.926 sec"," 5.007 sec"," 5.027 sec"],[0,5,10,15,20,25,30,35,40,45,50,55,60,65,70,75,76],[5689720.783737188,3460502.260408798,2103138.0022570477,1314457.0023055696,856062.4157844846,586642.3154215914,434378.4742836723,337245.06607430323,289757.1975086625,260480.99218786275,242814.6601426823,221116.59355925873,205122.52506670504,192547.57074570435,181630.5751022695,174814.82709983713,173743.03489500412],[2811236.8014851157,1689549.370147858,1012238.5817674148,610607.5629278707,377142.4568975404,235232.31618873068,154072.69037985656,108925.21595229903,84940.01665304758,72164.04031096165,65453.54742500132,61584.36670400886,59735.11502441992,58294.429083329924,56818.94725831922,56039.12891586468,55941.47251706107],[3.237292259689092E13,1.1975075894294402E13,4.423189456537765E12,1.7277972109101443E12,7.328428597187677E11,3.441492062432059E11,1.8868465892101093E11,1.1373423459146117E11,8.395923350807404E10,6.785034729117341E10,5.89589591802063E10,4.889254794725043E10,4.207525028974104E10,3.707456700007202E10,3.2989665811981163E10,3.0560223773945953E10,3.0186642174526615E10],[5675328.605055693,3516907.4536869004,2210393.830643788,1515047.9803128208,1153004.614768695,943513.5176937531,839497.9609801125,789994.0297547431,768640.107131502,759797.9957148661,753990.7147691884,755685.7952487787,755161.731182499,749917.5591187644,751292.4060210793,750633.3534442165,749527.9887652285],[2838323.8939615404,1735335.8934125786,1068247.7806842923,678409.5817490624,456800.77719225327,332044.66204559564,265804.6541781587,233890.26168595403,217209.16703302867,209222.0511814959,205033.73578430904,203290.68252894352,202892.04098302976,202879.5054704454,202537.91022205338,202019.05613836495,201958.29080580632],[3.22093547753634E13,1.2368638037798479E13,4.885840886548118E12,2.295370382649957E12,1.329419641677907E12,8.902177580708402E11,7.047568264897665E11,6.24090567048138E11,5.908076142911268E11,5.772929942923276E11,5.685019979581517E11,5.710610211407789E11,5.702692402425488E11,5.623763454746455E11,5.644402793449423E11,5.634504313029102E11,5.617922059424486E11]]}],"reproducibility_information_table":[{"__meta":{"schema_version":3,"schema_name":"TwoDimTableV3","schema_type":"TwoDimTable"},"name":"Node Information","description":"","columns":[{"__meta":{"schema_version":-1,"schema_name":"ColumnSpecsBase","schema_type":"Iced"},"name":"","type":"string","format":"%s","description":""},{"__meta":{"schema_version":-1,"schema_name":"ColumnSpecsBase","schema_type":"Iced"},"name":"node","type":"int","format":"%d","description":"node"},{"__meta":{"schema_version":-1,"schema_name":"ColumnSpecsBase","schema_type":"Iced"},"name":"h2o","type":"string","format":"%s","description":"h2o"},{"__meta":{"schema_version":-1,"schema_name":"ColumnSpecsBase","schema_type":"Iced"},"name":"healthy","type":"string","format":"%s","description":"healthy"},{"__meta":{"schema_version":-1,"schema_name":"ColumnSpecsBase","schema_type":"Iced"},"name":"last_ping","type":"string","format":"%s","description":"last_ping"},{"__meta":{"schema_version":-1,"schema_name":"ColumnSpecsBase","schema_type":"Iced"},"name":"num_cpus","type":"int","format":"%d","description":"num_cpus"},{"__meta":{"schema_version":-1,"schema_name":"ColumnSpecsBase","schema_type":"Iced"},"name":"sys_load","type":"double","format":"%.5f","description":"sys_load"},{"__meta":{"schema_version":-1,"schema_name":"ColumnSpecsBase","schema_type":"Iced"},"name":"mem_value_size","type":"long","format":"%d","description":"mem_value_size"},{"__meta":{"schema_version":-1,"schema_name":"ColumnSpecsBase","schema_type":"Iced"},"name":"free_mem","type":"long","format":"%d","description":"free_mem"},{"__meta":{"schema_version":-1,"schema_name":"ColumnSpecsBase","schema_type":"Iced"},"name":"pojo_mem","type":"long","format":"%d","description":"pojo_mem"},{"__meta":{"schema_version":-1,"schema_name":"ColumnSpecsBase","schema_type":"Iced"},"name":"swap_mem","type":"long","format":"%d","description":"swap_mem"},{"__meta":{"schema_version":-1,"schema_name":"ColumnSpecsBase","schema_type":"Iced"},"name":"free_disc","type":"long","format":"%d","description":"free_disc"},{"__meta":{"schema_version":-1,"schema_name":"ColumnSpecsBase","schema_type":"Iced"},"name":"max_disc","type":"long","format":"%d","description":"max_disc"},{"__meta":{"schema_version":-1,"schema_name":"ColumnSpecsBase","schema_type":"Iced"},"name":"pid","type":"int","format":"%d","description":"pid"},{"__meta":{"schema_version":-1,"schema_name":"ColumnSpecsBase","schema_type":"Iced"},"name":"num_keys","type":"int","format":"%d","description":"num_keys"},{"__meta":{"schema_version":-1,"schema_name":"ColumnSpecsBase","schema_type":"Iced"},"name":"tcps_active","type":"string","format":"%s","description":"tcps_active"},{"__meta":{"schema_version":-1,"schema_name":"ColumnSpecsBase","schema_type":"Iced"},"name":"open_fds","type":"int","format":"%d","description":"open_fds"},{"__meta":{"schema_version":-1,"schema_name":"ColumnSpecsBase","schema_type":"Iced"},"name":"rpcs_active","type":"string","format":"%s","description":"rpcs_active"},{"__meta":{"schema_version":-1,"schema_name":"ColumnSpecsBase","schema_type":"Iced"},"name":"nthreads","type":"int","format":"%d","description":"nthreads"},{"__meta":{"schema_version":-1,"schema_name":"ColumnSpecsBase","schema_type":"Iced"},"name":"is_leader","type":"string","format":"%s","description":"is_leader"},{"__meta":{"schema_version":-1,"schema_name":"ColumnSpecsBase","schema_type":"Iced"},"name":"total_mem","type":"long","format":"%d","description":"total_mem"},{"__meta":{"schema_version":-1,"schema_name":"ColumnSpecsBase","schema_type":"Iced"},"name":"max_mem","type":"long","format":"%d","description":"max_mem"},{"__meta":{"schema_version":-1,"schema_name":"ColumnSpecsBase","schema_type":"Iced"},"name":"java_version","type":"string","format":"%s","description":"java_version"},{"__meta":{"schema_version":-1,"schema_name":"ColumnSpecsBase","schema_type":"Iced"},"name":"jvm_launch_parameters","type":"string","format":"%s","description":"jvm_launch_parameters"},{"__meta":{"schema_version":-1,"schema_name":"ColumnSpecsBase","schema_type":"Iced"},"name":"os_version","type":"string","format":"%s","description":"os_version"},{"__meta":{"schema_version":-1,"schema_name":"ColumnSpecsBase","schema_type":"Iced"},"name":"machine_physical_mem","type":"long","format":"%d","description":"machine_physical_mem"},{"__meta":{"schema_version":-1,"schema_name":"ColumnSpecsBase","schema_type":"Iced"},"name":"machine_locale","type":"string","format":"%s","description":"machine_locale"}],"rowcount":1,"data":[[""],[0],["192.168.0.190:54321"],["true"],["1651524518185"],[8],[8.569336],[54682329],[3402565844],[360617043],[0],[856526159872],[1000240840704],[20547],[18086],["\u0000"],[-1],["\u0000"],[8],["true"],[1978662912],[3817865216],["Java 1.8.0_312 (from Azul Systems, Inc.)"],["[]"],["Mac OS X 10.16 (x86_64)"],[17179869184],["en_UA"]]},{"__meta":{"schema_version":3,"schema_name":"TwoDimTableV3","schema_type":"TwoDimTable"},"name":"Cluster Configuration","description":"","columns":[{"__meta":{"schema_version":-1,"schema_name":"ColumnSpecsBase","schema_type":"Iced"},"name":"","type":"string","format":"%s","description":""},{"__meta":{"schema_version":-1,"schema_name":"ColumnSpecsBase","schema_type":"Iced"},"name":"h2o_cluster_uptime","type":"long","format":"%d","description":"H2O cluster uptime"},{"__meta":{"schema_version":-1,"schema_name":"ColumnSpecsBase","schema_type":"Iced"},"name":"h2o_cluster_timezone","type":"string","format":"%s","description":"H2O cluster timezone"},{"__meta":{"schema_version":-1,"schema_name":"ColumnSpecsBase","schema_type":"Iced"},"name":"h2o_data_parsing_timezone","type":"string","format":"%s","description":"H2O data parsing timezone"},{"__meta":{"schema_version":-1,"schema_name":"ColumnSpecsBase","schema_type":"Iced"},"name":"h2o_cluster_version","type":"string","format":"%s","description":"H2O cluster version"},{"__meta":{"schema_version":-1,"schema_name":"ColumnSpecsBase","schema_type":"Iced"},"name":"h2o_cluster_version_age","type":"string","format":"%s","description":"H2O cluster version age"},{"__meta":{"schema_version":-1,"schema_name":"ColumnSpecsBase","schema_type":"Iced"},"name":"h2o_cluster_name","type":"string","format":"%s","description":"H2O cluster name"},{"__meta":{"schema_version":-1,"schema_name":"ColumnSpecsBase","schema_type":"Iced"},"name":"h2o_cluster_total_nodes","type":"int","format":"%d","description":"H2O cluster total nodes"},{"__meta":{"schema_version":-1,"schema_name":"ColumnSpecsBase","schema_type":"Iced"},"name":"h2o_cluster_free_memory","type":"long","format":"%d","description":"H2O cluster free memory"},{"__meta":{"schema_version":-1,"schema_name":"ColumnSpecsBase","schema_type":"Iced"},"name":"h2o_cluster_total_cores","type":"int","format":"%d","description":"H2O cluster total cores"},{"__meta":{"schema_version":-1,"schema_name":"ColumnSpecsBase","schema_type":"Iced"},"name":"h2o_cluster_allowed_cores","type":"int","format":"%d","description":"H2O cluster allowed cores"},{"__meta":{"schema_version":-1,"schema_name":"ColumnSpecsBase","schema_type":"Iced"},"name":"h2o_cluster_status","type":"string","format":"%s","description":"H2O cluster status"},{"__meta":{"schema_version":-1,"schema_name":"ColumnSpecsBase","schema_type":"Iced"},"name":"h2o_internal_security","type":"string","format":"%s","description":"H2O internal security"},{"__meta":{"schema_version":-1,"schema_name":"ColumnSpecsBase","schema_type":"Iced"},"name":"h2o_api_extensions","type":"string","format":"%s","description":"H2O API Extensions"}],"rowcount":1,"data":[[""],[9385151],["Europe/Kiev"],["UTC"],["3.36.0.4"],["1 month and 2 days"],["ariy"],[1],[3402565844],[8],[8],["locked, healthly"],["false"],["Amazon S3, XGBoost, Algos, Infogram, AutoML, Core V3, TargetEncoder, Core V4"]]},{"__meta":{"schema_version":3,"schema_name":"TwoDimTableV3","schema_type":"TwoDimTable"},"name":"Input Frames Information","description":"","columns":[{"__meta":{"schema_version":-1,"schema_name":"ColumnSpecsBase","schema_type":"Iced"},"name":"","type":"string","format":"%s","description":""},{"__meta":{"schema_version":-1,"schema_name":"ColumnSpecsBase","schema_type":"Iced"},"name":"input_frame","type":"string","format":"%s","description":"Input Frame"},{"__meta":{"schema_version":-1,"schema_name":"ColumnSpecsBase","schema_type":"Iced"},"name":"checksum","type":"long","format":"%d","description":"Checksum"},{"__meta":{"schema_version":-1,"schema_name":"ColumnSpecsBase","schema_type":"Iced"},"name":"espc","type":"string","format":"%d","description":"ESPC"}],"rowcount":3,"data":[["","",""],["training_frame","validation_frame","calibration_frame"],[7799293244474460824,-1,-1],["[0, 547, 1103, 1660, 2223, 2786, 3350, 3914, 4482, 5050, 5617, 6184, 6750, 7317, 7882, 8446, 9010, 9575, 10139, 10703, 11268, 11830, 12394, 12955, 13516, 14078, 14636, 15193, 15750, 16305, 16858, 17410, 17954]","-1","-1"]]}],"training_metrics":{"__meta":{"schema_version":3,"schema_name":"ModelMetricsRegressionV3","schema_type":"ModelMetricsRegression"},"model":{"__meta":{"schema_version":3,"schema_name":"ModelKeyV3","schema_type":"Key<Model>"},"name":"GBM_2_AutoML_5_20220502_234723","type":"Key<Model>","URL":"/3/Models/GBM_2_AutoML_5_20220502_234723"},"model_checksum":8887517726339143744,"frame":{"__meta":{"schema_version":3,"schema_name":"FrameKeyV3","schema_type":"Key<Frame>"},"name":"AutoML_5_20220502_234723_training_fifa_players_statistic.hex","type":"Key<Frame>","URL":"/3/Frames/AutoML_5_20220502_234723_training_fifa_players_statistic.hex"},"frame_checksum":3949903385982592756,"description":null,"model_category":"Regression","scoring_time":1651524520766,"predictions":null,"MSE":5.643322864938354E10,"RMSE":237556.79036681636,"nobs":17699,"custom_metric_name":null,"custom_metric_value":0.0,"r2":0.9982550183502789,"mean_residual_deviance":5.643322864938354E10,"mae":70422.39775908177,"rmsle":"NaN"},"validation_metrics":null,"cross_validation_metrics":{"__meta":{"schema_version":3,"schema_name":"ModelMetricsRegressionV3","schema_type":"ModelMetricsRegression"},"model":{"__meta":{"schema_version":3,"schema_name":"ModelKeyV3","schema_type":"Key<Model>"},"name":"GBM_2_AutoML_5_20220502_234723","type":"Key<Model>","URL":"/3/Models/GBM_2_AutoML_5_20220502_234723"},"model_checksum":8887517726339143744,"frame":{"__meta":{"schema_version":3,"schema_name":"FrameKeyV3","schema_type":"Key<Frame>"},"name":"AutoML_5_20220502_234723_training_fifa_players_statistic.hex","type":"Key<Frame>","URL":"/3/Frames/AutoML_5_20220502_234723_training_fifa_players_statistic.hex"},"frame_checksum":3949903385982592756,"description":"5-fold cross-validation on training data (Metrics computed for combined holdout predictions)","model_category":"Regression","scoring_time":1651524520773,"predictions":null,"MSE":4.6551136926930176E11,"RMSE":682283.9359601703,"nobs":17699,"custom_metric_name":null,"custom_metric_value":0.0,"r2":0.9856058422218171,"mean_residual_deviance":4.6551136926930176E11,"mae":197755.10298538374,"rmsle":0.20909276017155828},"cross_validation_metrics_summary":{"__meta":{"schema_version":3,"schema_name":"TwoDimTableV3","schema_type":"TwoDimTable"},"name":"Cross-Validation Metrics Summary","description":"","columns":[{"__meta":{"schema_version":-1,"schema_name":"ColumnSpecsBase","schema_type":"Iced"},"name":"","type":"string","format":"%s","description":""},{"__meta":{"schema_version":-1,"schema_name":"ColumnSpecsBase","schema_type":"Iced"},"name":"mean","type":"float","format":"%f","description":"mean"},{"__meta":{"schema_version":-1,"schema_name":"ColumnSpecsBase","schema_type":"Iced"},"name":"sd","type":"float","format":"%f","description":"sd"},{"__meta":{"schema_version":-1,"schema_name":"ColumnSpecsBase","schema_type":"Iced"},"name":"cv_1_valid","type":"float","format":"%f","description":"cv_1_valid"},{"__meta":{"schema_version":-1,"schema_name":"ColumnSpecsBase","schema_type":"Iced"},"name":"cv_2_valid","type":"float","format":"%f","description":"cv_2_valid"},{"__meta":{"schema_version":-1,"schema_name":"ColumnSpecsBase","schema_type":"Iced"},"name":"cv_3_valid","type":"float","format":"%f","description":"cv_3_valid"},{"__meta":{"schema_version":-1,"schema_name":"ColumnSpecsBase","schema_type":"Iced"},"name":"cv_4_valid","type":"float","format":"%f","description":"cv_4_valid"},{"__meta":{"schema_version":-1,"schema_name":"ColumnSpecsBase","schema_type":"Iced"},"name":"cv_5_valid","type":"float","format":"%f","description":"cv_5_valid"}],"rowcount":7,"data":[["mae","mean_residual_deviance","mse","r2","residual_deviance","rmse","rmsle"],[197762.84,4.65600774E11,4.65600774E11,0.9856065,4.65600774E11,679860.25,0.20764343],[5297.078,8.8222441E10,8.8222441E10,0.0026656764,8.8222441E10,65103.887,0.027398936],[198968.42,4.62802092E11,4.62802092E11,0.986559,4.62802092E11,680295.56,0.24341002],[195938.14,3.60098824E11,3.60098824E11,0.988791,3.60098824E11,600082.4,0.22851783],[202434.44,3.98620426E11,3.98620426E11,0.9869973,3.98620426E11,631363.94,0.1905638],[189514.95,5.44690274E11,5.44690274E11,0.983127,5.44690274E11,738031.3,0.19819607],[201958.3,5.6179222E11,5.6179222E11,0.9825581,5.6179222E11,749528.0,0.17752947]]},"status":null,"start_time":1651524519142,"end_time":1651524520771,"run_time":1629,"default_threshold":0.5,"help":{"domains":"Domains for categorical columns", "__meta":"Metadata on this schema instance, to make it self-describing.", "help":"Help information for output fields", "training_metrics":"Training data model metrics", "cross_validation_models":"Cross-validation models (model ids)", "cross_validation_predictions":"Cross-validation predictions, one per cv model (deprecated, use cross_validation_holdout_predictions_frame_id instead)", "cross_validation_metrics_summary":"Cross-validation model metrics summary", "status":"Job status", "reproducibility_information_table":"Model reproducibility information", "variable_importances":"Variable Importances", "model_summary":"Model summary", "end_time":"End time in milliseconds", "names":"Column names", "cross_validation_fold_assignment_frame_id":"Cross-validation fold assignment (each row is assigned to one holdout fold)", "run_time":"Runtime in milliseconds", "default_threshold":"Default threshold used for predictions", "scoring_history":"Scoring history", "cross_validation_holdout_predictions_frame_id":"Cross-validation holdout predictions (full out-of-sample predictions on training data)", "init_f":"The Intercept term, the initial model function value to which trees make adjustments", "model_category":"Category of the model (e.g., Binomial)", "column_types":"Column types", "original_names":"Original column names", "start_time":"Start time in milliseconds", "cv_scoring_history":"Cross-Validation scoring history", "cross_validation_metrics":"Cross-validation model metrics", "validation_metrics":"Validation data model metrics"},"variable_importances":{"__meta":{"schema_version":3,"schema_name":"TwoDimTableV3","schema_type":"TwoDimTable"},"name":"Variable Importances","description":"","columns":[{"__meta":{"schema_version":-1,"schema_name":"ColumnSpecsBase","schema_type":"Iced"},"name":"variable","type":"string","format":"%s","description":"Variable"},{"__meta":{"schema_version":-1,"schema_name":"ColumnSpecsBase","schema_type":"Iced"},"name":"relative_importance","type":"double","format":"%5f","description":"Relative Importance"},{"__meta":{"schema_version":-1,"schema_name":"ColumnSpecsBase","schema_type":"Iced"},"name":"scaled_importance","type":"double","format":"%5f","description":"Scaled Importance"},{"__meta":{"schema_version":-1,"schema_name":"ColumnSpecsBase","schema_type":"Iced"},"name":"percentage","type":"double","format":"%5f","description":"Percentage"}],"rowcount":59,"data":[["release_clause_euro","overall_rating","wage_euro","club_team","reactions","potential","ball_control","national_team","club_position","birth_date","short_passing","nationality","national_team_position","age","dribbling","vision","marking","standing_tackle","agility","crossing","interceptions","volleys","positioning","finishing","long_shots","penalties","work_rate","curve","composure","GK_reflexes","club_rating","club_join_date","shot_power","long_passing","contract_end_year","weight_kgs","balance","sliding_tackle","strength","body_type","club_jersey_number","freekick_accuracy","sprint_speed","international_reputation","skill_moves","GK_positioning","GK_kicking","national_jersey_number","height_cm","stamina","weak_foot","acceleration","heading_accuracy","preferred_foot","national_rating","jumping","aggression","GK_diving","GK_handling"],[1.7883350467346432E18,3.7296901574990234E17,3.4658695579592294E17,6.9604480517144576E16,5.1141717486731264E16,3.36108571328512E16,1.8496923052802048E16,1.376506953596928E16,1.376233149431808E16,1.01335458381824E16,5.731911955644416E15,5.603508539621376E15,4.346616156782592E15,3.195149920239616E15,2.420257557839872E15,1.762091400691712E15,1.006861599899648E15,5.91523833970688E14,5.65658869825536E14,4.37378430795776E14,3.06210330902528E14,2.95775372312576E14,2.83257757237248E14,2.8235265998848E14,2.48797322018816E14,4.9089836220416E13,4.8667708882944E13,4.7229901471744E13,4.1486422900736E13,3.9315568590848E13,3.3502451990528E13,2.955874926592E13,2.6878853251072E13,2.6659858153472E13,2.4610607202304E13,2.4476156690432E13,1.748342145024E13,1.5796411564032E13,1.519192113152E13,7.235280306176E12,4.59149934592E12,4.18350759936E12,4.181013037056E12,3.542012133376E12,3.505814503424E12,2.801242996736E12,2.785304641536E12,2.487574331392E12,1.770521624576E12,1.4890532864E12,6.63053074432E11,3.7823873024E11,3.07202555904E11,0.0,0.0,0.0,0.0,0.0,0.0],[1.0,0.20855656574583936,0.1938042630371546,0.038921387043348944,0.028597391512352202,0.018794496699162687,0.010343097109557825,0.007697142412493228,0.00769561135618686,0.005666469410575745,0.003205166708615608,0.0031333661719893787,0.002430537926726407,0.0017866618037116167,0.001353358008757402,9.853250954898803E-4,5.630161986357627E-4,3.3076790339190814E-4,3.163047499731014E-4,2.4457297954004427E-4,1.71226488829173E-4,1.653914756368714E-4,1.583918839785945E-4,1.578857723020266E-4,1.391223207715467E-4,2.7450021912868126E-5,2.7213977029532215E-5,2.6409984839240287E-5,2.3198350318351636E-5,2.1984453451625344E-5,1.873387878390059E-5,1.6528641721746666E-5,1.5030099253577029E-5,1.4907641720801014E-5,1.3761742939188604E-5,1.3686560991534279E-5,9.776367958657036E-6,8.833026894414994E-6,8.495008337089426E-6,4.045819221284648E-6,2.56747154528102E-6,2.3393309922538007E-6,2.3379360845665894E-6,1.980619984965027E-6,1.960379018364225E-6,1.5663971926574082E-6,1.557484793815199E-6,1.39100015734418E-6,9.900391024650728E-7,8.326478246449916E-7,3.707655764185139E-7,2.1150328118359794E-7,1.7178132054445128E-7,0.0,0.0,0.0,0.0,0.0,0.0],[0.6512596636503126,0.13582447885969967,0.12621689915957401,0.025347929434655074,0.018624327577610802,0.012240097598773602,0.006736041944673151,0.005012838378628895,0.005011841263413782,0.0036903429624163446,0.0020873957925961807,0.0020406349992630707,0.0015829113126491683,0.0011635807653420885,8.813874815818025E-4,6.417024902749517E-4,3.666697401532045E-4,2.1541579350933322E-4,2.059965250784783E-4,1.5928051639320403E-4,1.1151290552291124E-4,1.0771279679389775E-4,1.0315424508483881E-4,1.0282463496458771E-4,9.060475583192842E-5,1.787709203816821E-5,1.7723365526840485E-5,1.7199757843413487E-5,1.5108149825571812E-5,1.4317587760441478E-5,1.2200619595668825E-5,1.076443764830126E-5,9.78849738451539E-6,9.708745732908238E-6,8.962468077818037E-6,8.913505107876104E-6,6.366954108476676E-6,5.752594124270875E-6,5.532456272319461E-6,2.6348788652438102E-6,1.6720906550114658E-6,1.5235119151819624E-6,1.522603468070766E-6,1.2898979052274108E-6,1.2767157801270152E-6,1.0201313088328577E-6,1.014327022960563E-6,9.059022946095026E-7,6.447725328720607E-7,5.422699422174617E-7,2.4146466459143564E-7,1.377435557645675E-7,1.1187424503918589E-7,0.0,0.0,0.0,0.0,0.0,0.0]]},"init_f":2479280.1853212044},"compatible_frames":null}
