Season,Pos,Team,Pld,W,D,L,GF,GA,GD,Pts
2010-11,1,Manchester United,38,23,11,4,78,37,41,80
2010-11,2,Chelsea,38,21,8,9,69,33,36,71
2010-11,3,Manchester City,38,21,8,9,60,33,27,71
2010-11,4,Arsenal,38,19,11,8,72,43,29,68
2010-11,5,Tottenham Hotspur,38,16,14,8,55,46,9,62
2010-11,6,Liverpool,38,17,7,14,59,44,15,58
2010-11,7,Everton,38,13,15,10,51,45,6,54
2010-11,8,Fulham,38,11,16,11,49,43,6,49
2010-11,9,Aston Villa,38,12,12,14,48,59,-11,48
2010-11,10,Sunderland,38,12,11,15,45,56,-11,47
2010-11,11,West Bromwich Albion,38,12,11,15,56,71,-15,47
2010-11,12,Newcastle United,38,11,13,14,56,57,-1,46
2010-11,13,Stoke City,38,13,7,18,46,48,-2,46
2010-11,14,Bolton Wanderers,38,12,10,16,52,56,-4,46
2010-11,15,Blackburn Rovers,38,11,10,17,46,59,-13,43
2010-11,16,Wigan Athletic,38,9,15,14,40,61,-21,42
2010-11,17,Wolverhampton Wanderers,38,11,7,20,46,66,-20,40
2010-11,18,Birmingham City,38,8,15,15,37,58,-21,39
2010-11,19,Blackpool,38,10,9,19,55,78,-23,39
2010-11,20,West Ham United,38,7,12,19,43,70,-27,33
2011-12,1,Manchester City,38,28,5,5,93,29,64,89
2011-12,2,Manchester United,38,28,5,5,89,33,56,89
2011-12,3,Arsenal,38,21,7,10,74,49,25,70
2011-12,4,Tottenham Hotspur,38,20,9,9,66,41,25,69
2011-12,5,Newcastle United,38,19,8,11,56,51,5,65
2011-12,6,Chelsea,38,18,10,10,65,46,19,64
2011-12,7,Everton,38,15,11,12,50,40,10,56
2011-12,8,Liverpool,38,14,10,14,47,40,7,52
2011-12,9,Fulham,38,14,10,14,48,51,-3,52
2011-12,10,West Bromwich Albion,38,13,8,17,45,52,-7,47
2011-12,11,Swansea City,38,12,11,15,44,51,-7,47
2011-12,12,Norwich City,38,12,11,15,52,66,-14,47
2011-12,13,Sunderland,38,11,12,15,45,46,-1,45
2011-12,14,Stoke City,38,11,12,15,36,53,-17,45
2011-12,15,Wigan Athletic,38,11,10,17,42,62,-20,43
2011-12,16,Aston Villa,38,7,17,14,37,53,-16,38
2011-12,17,Queens Park Rangers,38,10,7,21,43,66,-23,37
2011-12,18,Bolton Wanderers,38,10,6,22,46,77,-31,36
2011-12,19,Blackburn Rovers,38,8,7,23,48,78,-30,31
2011-12,20,Wolverhampton Wanderers,38,5,10,23,40,82,-42,25
2012-13,1,Manchester United,38,28,5,5,86,43,43,89
2012-13,2,Manchester City,38,23,9,6,66,34,32,78
2012-13,3,Chelsea,38,22,9,7,75,39,36,75
2012-13,4,Arsenal,38,21,10,7,72,37,35,73
2012-13,5,Tottenham Hotspur,38,21,9,8,66,46,20,72
2012-13,6,Everton,38,16,15,7,55,40,15,63
2012-13,7,Liverpool,38,16,13,9,71,43,28,61
2012-13,8,West Bromwich Albion,38,14,7,17,53,57,-4,49
2012-13,9,Swansea City,38,11,13,14,47,51,-4,46
2012-13,10,West Ham United,38,12,10,16,45,53,-8,46
2012-13,11,Norwich City,38,10,14,14,41,58,-17,44
2012-13,12,Fulham,38,11,10,17,50,60,-10,43
2012-13,13,Stoke City,38,9,15,14,34,45,-11,42
2012-13,14,Southampton,38,9,14,15,49,60,-11,41
2012-13,15,Aston Villa,38,10,11,17,47,69,-22,41
2012-13,16,Newcastle United,38,11,8,19,45,68,-23,41
2012-13,17,Sunderland,38,9,12,17,41,54,-13,39
2012-13,18,Wigan Athletic,38,9,9,20,47,73,-26,36
2012-13,19,Reading,38,6,10,22,43,73,-30,28
2012-13,20,Queens Park Rangers,38,4,13,21,30,60,-30,25
2013-14,1,Manchester City,38,27,5,6,102,37,65,86
2013-14,2,Liverpool,38,26,6,6,101,50,51,84
2013-14,3,Chelsea,38,25,7,6,71,27,44,82
2013-14,4,Arsenal,38,24,7,7,68,41,27,79
2013-14,5,Everton,38,21,9,8,61,39,22,72
2013-14,6,Tottenham Hotspur,38,21,6,11,55,51,4,69
2013-14,7,Manchester United,38,19,7,12,64,43,21,64
2013-14,8,Southampton,38,15,11,12,54,46,8,56
2013-14,9,Stoke City,38,13,11,14,45,52,-7,50
2013-14,10,Newcastle United,38,15,4,19,43,59,-16,49
2013-14,11,Crystal Palace,38,13,6,19,33,48,-15,45
2013-14,12,Swansea City,38,11,9,18,54,54,0,42
2013-14,13,West Ham United,38,11,7,20,40,51,-11,40
2013-14,14,Sunderland,38,10,8,20,41,60,-19,38
2013-14,15,Aston Villa,38,10,8,20,39,61,-22,38
2013-14,16,Hull City,38,10,7,21,38,53,-15,37
2013-14,17,West Bromwich Albion,38,7,15,16,43,59,-16,36
2013-14,18,Norwich City,38,8,9,21,28,62,-34,33
2013-14,19,Fulham,38,9,5,24,40,85,-45,32
2013-14,20,Cardiff City,38,7,9,22,32,74,-42,30
2014-15,1,Chelsea,38,26,9,3,73,32,41,87
2014-15,2,Manchester City,38,24,7,7,83,38,45,79
2014-15,3,Arsenal,38,22,9,7,71,36,35,75
2014-15,4,Manchester United,38,20,10,8,62,37,25,70
2014-15,5,Tottenham Hotspur,38,19,7,12,58,53,5,64
2014-15,6,Liverpool,38,18,8,12,52,48,4,62
2014-15,7,Southampton,38,18,6,14,54,33,21,60
2014-15,8,Swansea City,38,16,8,14,46,49,-3,56
2014-15,9,Stoke City,38,15,9,14,48,45,3,54
2014-15,10,Crystal Palace,38,13,9,16,47,51,-4,48
2014-15,11,Everton,38,12,11,15,48,50,-2,47
2014-15,12,West Ham United,38,12,11,15,44,47,-3,47
2014-15,13,West Bromwich Albion,38,11,11,16,38,51,-13,44
2014-15,14,Leicester City,38,11,8,19,46,55,-9,41
2014-15,15,Newcastle United,38,10,9,19,40,63,-23,39
2014-15,16,Sunderland,38,7,17,14,31,53,-22,38
2014-15,17,Aston Villa,38,10,8,20,31,57,-26,38
2014-15,18,Hull City,38,8,11,19,33,51,-18,35
2014-15,19,Burnley,38,7,12,19,28,53,-25,33
2014-15,20,Queens Park Rangers,38,8,6,24,42,73,-31,30
2015-16,1,Leicester City,38,23,12,3,68,36,32,81
2015-16,2,Arsenal,38,20,11,7,65,36,29,71
2015-16,3,Tottenham Hotspur,38,19,13,6,69,35,34,70
2015-16,4,Manchester City,38,19,9,10,71,41,30,66
2015-16,5,Manchester United,38,19,9,10,49,35,14,66
2015-16,6,Southampton,38,18,9,11,59,41,18,63
2015-16,7,West Ham United,38,16,14,8,65,51,14,62
2015-16,8,Liverpool,38,16,12,10,63,50,13,60
2015-16,9,Stoke City,38,14,9,15,41,55,-14,51
2015-16,10,Chelsea,38,12,14,12,59,53,6,50
2015-16,11,Everton,38,11,14,13,59,55,4,47
2015-16,12,Swansea City,38,12,11,15,42,52,-10,47
2015-16,13,Watford,38,12,9,17,40,50,-10,45
2015-16,14,West Bromwich Albion,38,10,13,15,34,48,-14,43
2015-16,15,Crystal Palace,38,11,9,18,39,51,-12,42
2015-16,16,Bournemouth,38,11,9,18,45,67,-22,42
2015-16,17,Sunderland,38,9,12,17,48,62,-14,39
2015-16,18,Newcastle United,38,9,10,19,44,65,-21,37
2015-16,19,Norwich City,38,9,7,22,39,67,-28,34
2015-16,20,Aston Villa,38,3,8,27,27,76,-49,17
2016-17,1,Chelsea,38,30,3,5,85,33,52,93
2016-17,2,Tottenham Hotspur,38,26,8,4,86,26,60,86
2016-17,3,Manchester City,38,23,9,6,80,39,41,78
2016-17,4,Liverpool,38,22,10,6,78,42,36,76
2016-17,5,Arsenal,38,23,6,9,77,44,33,75
2016-17,6,Manchester United,38,18,15,5,54,29,25,69
2016-17,7,Everton,38,17,10,11,62,44,18,61
2016-17,8,Southampton,38,12,10,16,41,48,-7,46
2016-17,9,Bournemouth,38,12,10,16,55,67,-12,46
2016-17,10,West Bromwich Albion,38,12,9,17,43,51,-8,45
2016-17,11,West Ham United,38,12,9,17,47,64,-17,45
2016-17,12,Leicester City,38,12,8,18,48,63,-15,44
2016-17,13,Stoke City,38,11,11,16,41,56,-15,44
2016-17,14,Crystal Palace,38,12,5,21,50,63,-13,41
2016-17,15,Swansea City,38,12,5,21,45,70,-25,41
2016-17,16,Burnley,38,11,7,20,39,55,-16,40
2016-17,17,Watford,38,11,7,20,40,68,-28,40
2016-17,18,Hull City,38,9,7,22,37,80,-43,34
2016-17,19,Middlesbrough,38,5,13,20,27,53,-26,28
2016-17,20,Sunderland,38,6,6,26,29,69,-40,24
2017-18,1,Manchester City,38,32,4,2,106,27,79,100
2017-18,2,Manchester United,38,25,6,7,68,28,40,81
2017-18,3,Tottenham Hotspur,38,23,8,7,74,36,38,77
2017-18,4,Liverpool,38,21,12,5,84,38,46,75
2017-18,5,Chelsea,38,21,7,10,62,38,24,70
2017-18,6,Arsenal,38,19,6,13,74,51,23,63
2017-18,7,Burnley,38,14,12,12,36,39,-3,54
2017-18,8,Everton,38,13,10,15,44,58,-14,49
2017-18,9,Leicester City,38,12,11,15,56,60,-4,47
2017-18,10,Newcastle United,38,12,8,18,39,47,-8,44
2017-18,11,Crystal Palace,38,11,11,16,45,55,-10,44
2017-18,12,Bournemouth,38,11,11,16,45,61,-16,44
2017-18,13,West Ham United,38,10,12,16,48,68,-20,42
2017-18,14,Watford,38,11,8,19,44,64,-20,41
2017-18,15,Brighton & Hove Albion,38,9,13,16,34,54,-20,40
2017-18,16,Huddersfield Town,38,9,10,19,28,58,-30,37
2017-18,17,Southampton,38,7,15,16,37,56,-19,36
2017-18,18,Swansea City,38,8,9,21,28,56,-28,33
2017-18,19,Stoke City,38,7,12,19,35,68,-33,33
2017-18,20,West Bromwich Albion,38,6,13,19,31,56,-25,31
2018-19,1,Manchester City,38,32,2,4,95,23,72,98
2018-19,2,Liverpool,38,30,7,1,89,22,67,97
2018-19,3,Chelsea,38,21,9,8,63,39,24,72
2018-19,4,Tottenham Hotspur,38,23,2,13,67,39,28,71
2018-19,5,Arsenal,38,21,7,10,73,51,22,70
2018-19,6,Manchester United,38,19,9,10,65,54,11,66
2018-19,7,Wolverhampton Wanderers,38,16,9,13,47,46,1,57
2018-19,8,Everton,38,15,9,14,54,46,8,54
2018-19,9,Leicester City,38,15,7,16,51,48,3,52
2018-19,10,West Ham United,38,15,7,16,52,55,-3,52
2018-19,11,Watford,38,14,8,16,52,59,-7,50
2018-19,12,Crystal Palace,38,14,7,17,51,53,-2,49
2018-19,13,Newcastle United,38,12,9,17,42,48,-6,45
2018-19,14,Bournemouth,38,13,6,19,56,70,-14,45
2018-19,15,Burnley,38,11,7,20,45,68,-23,40
2018-19,16,Southampton,38,9,12,17,45,65,-20,39
2018-19,17,Brighton & Hove Albion,38,9,9,20,35,60,-25,36
2018-19,18,Cardiff City,38,10,4,24,34,69,-35,34
2018-19,19,Fulham,38,7,5,26,34,81,-47,26
2018-19,20,Huddersfield Town,38,3,7,28,22,76,-54,16
2019-20,1,Liverpool,38,32,3,3,85,33,52,99
2019-20,2,Manchester City,38,26,3,9,102,35,67,81
2019-20,3,Manchester United,38,18,12,8,66,36,30,66
2019-20,4,Chelsea,38,20,6,12,69,54,15,66
2019-20,5,Leicester City,38,18,8,12,67,41,26,62
2019-20,6,Tottenham Hotspur,38,16,11,11,61,47,14,59
2019-20,7,Wolverhampton Wanderers,38,15,14,9,51,40,11,59
2019-20,8,Arsenal,38,14,14,10,56,48,8,56
2019-20,9,Sheffield United,38,14,12,12,39,39,0,54
2019-20,10,Burnley,38,15,9,14,43,50,-7,54
2019-20,11,Southampton,38,15,7,16,51,60,-9,52
2019-20,12,Everton,38,13,10,15,44,56,-12,49
2019-20,13,Newcastle United,38,11,11,16,38,58,-20,44
2019-20,14,Crystal Palace,38,11,10,17,31,50,-19,43
2019-20,15,Brighton & Hove Albion,38,9,14,15,39,54,-15,41
2019-20,16,West Ham United,38,10,9,19,49,62,-13,39
2019-20,17,Aston Villa,38,9,8,21,41,67,-26,35
2019-20,18,Bournemouth,38,9,7,22,40,65,-25,34
2019-20,19,Watford,38,8,10,20,36,64,-28,34
2019-20,20,Norwich City,38,5,6,27,26,75,-49,21
2020-21,1,Manchester City,38,27,5,6,83,32,51,86
2020-21,2,Manchester United,38,21,11,6,73,44,29,74
2020-21,3,Liverpool,38,20,9,9,68,42,26,69
2020-21,4,Chelsea,38,19,10,9,58,36,22,67
2020-21,5,Leicester City,38,20,6,12,68,50,18,66
2020-21,6,West Ham United,38,19,8,11,62,47,15,65
2020-21,7,Tottenham Hotspur,38,18,8,12,68,45,23,62
2020-21,8,Arsenal,38,18,7,13,55,39,16,61
2020-21,9,Leeds United,38,18,5,15,62,54,8,59
2020-21,10,Everton,38,17,8,13,47,48,-1,59
2020-21,11,Aston Villa,38,16,7,15,55,46,9,55
2020-21,12,Newcastle United,38,12,9,17,46,62,-16,45
2020-21,13,Wolverhampton Wanderers,38,12,9,17,36,52,-16,45
2020-21,14,Crystal Palace,38,12,8,18,41,66,-25,44
2020-21,15,Southampton,38,12,7,19,47,68,-21,43
2020-21,16,Brighton & Hove Albion,38,9,14,15,40,46,-6,41
2020-21,17,Burnley,38,10,9,19,33,55,-22,39
2020-21,18,Fulham,38,5,13,20,27,53,-26,28
2020-21,19,West Bromwich Albion,38,5,11,22,35,76,-41,26
2020-21,20,Sheffield United,38,7,2,29,20,63,-43,23
